0,65,8450,0,3,0,0,1,2003,3,1,208500
0,80,9600,0,3,0,0,0,1976,3,1,181500
0,68,11250,0,3,1,0,1,2001,3,1,223500
0,60,9550,0,3,1,0,1,1915,3,1,140000
0,84,14260,0,3,1,0,1,2000,4,1,250000
0,85,14115,0,3,1,0,2,1993,1,1,143000
0,75,10084,0,3,0,0,0,2004,3,1,307000
0,0,10382,0,3,1,0,1,1973,3,1,200000
1,51,6120,0,3,0,0,2,1931,2,2,129900
0,50,7420,0,3,0,0,3,1939,2,2,118000
0,70,11200,0,3,0,0,0,1965,3,1,129500
0,85,11924,0,3,1,0,1,2005,4,1,345000
0,0,12968,0,3,2,0,0,1962,2,1,144000
0,91,10652,0,3,1,0,0,2006,3,1,279500
0,0,10920,0,3,1,0,0,1960,2,1,157000
1,51,6120,0,3,0,0,3,1929,2,1,132000
0,0,11241,0,3,1,0,0,1970,2,1,149000
0,72,10791,0,3,0,0,0,1967,2,2,90000
0,66,13695,0,3,0,0,0,2004,3,1,159000
0,70,7560,0,3,0,0,0,1958,3,1,139000
0,101,14215,0,3,1,0,1,2005,4,1,325300
1,57,7449,0,1,0,0,3,1930,3,1,139400
0,75,9742,0,3,0,0,0,2002,3,1,230000
1,44,4224,0,3,0,0,0,1976,3,1,129900
0,0,8246,0,3,1,0,0,1968,3,1,154000
0,110,14230,0,3,0,0,0,2007,3,1,256300
0,60,7200,0,3,0,0,0,1951,3,1,134800
0,98,11478,0,3,0,0,0,2007,3,1,306000
0,47,16321,0,3,1,0,0,1957,2,1,207500
1,60,6324,0,3,1,0,0,1927,1,1,68500
2,50,8500,0,3,0,0,1,1920,3,1,40000
0,0,8544,0,3,1,0,0,1966,3,1,149350
0,85,11049,0,3,0,0,0,2007,3,1,179900
0,70,10552,0,3,1,0,0,1959,4,1,165500
0,60,7313,0,3,0,0,0,2005,2,1,277500
0,108,13418,0,3,0,0,1,2004,4,1,309000
0,112,10859,0,3,0,0,0,1994,3,1,145000
0,74,8532,0,3,0,0,0,1954,3,1,153000
0,68,7922,0,3,0,0,0,1953,3,1,109000
0,65,6040,0,3,0,0,0,1955,2,2,82000
0,84,8658,0,3,0,0,0,1965,3,1,160000
0,115,16905,0,3,0,0,0,1959,2,1,170000
0,0,9180,0,3,1,0,4,1983,2,1,144000
0,0,9200,0,3,1,0,0,1975,3,1,130250
0,70,7945,0,3,0,0,0,1959,3,1,141000
0,61,7658,0,3,0,0,0,2005,2,1,319900
0,48,12822,0,3,1,0,2,2003,1,1,239686
3,84,11096,0,3,0,0,0,2006,3,1,249700
1,33,4456,0,3,0,0,1,1920,2,3,113000
0,66,7742,0,3,0,0,0,1966,3,1,127000
0,0,13869,0,3,2,0,1,1997,3,1,177000
1,52,6240,0,3,0,0,2,1934,3,1,114500
1,110,8472,1,3,2,0,0,1963,2,1,110000
0,68,50271,0,3,1,0,0,1981,0,1,385000
0,60,7134,0,3,0,0,5,1955,3,1,130000
0,100,10175,0,3,1,0,0,1964,3,1,180500
3,24,2645,0,3,0,0,1,1999,3,1,172500
0,89,11645,0,3,1,0,1,2004,3,1,196500
0,66,13682,0,3,2,0,1,2006,3,1,438780
0,60,7200,0,3,0,0,0,1972,2,1,124900
0,63,13072,0,3,0,0,0,2004,3,1,158000
1,60,7200,0,3,0,0,6,1920,3,1,101000
0,44,6442,0,3,1,0,0,2006,2,1,202500
1,50,10300,0,3,1,0,1,1921,3,1,140000
0,0,9375,0,3,0,0,1,1997,3,1,219500
0,76,9591,0,3,0,0,1,2004,4,1,317000
0,0,19900,0,3,0,0,0,1970,3,1,180000
0,72,10665,0,3,1,0,0,2003,3,1,226000
1,47,4608,0,3,0,0,0,1945,2,1,80000
0,81,15593,0,3,0,0,2,1953,3,1,225000
0,95,13651,0,3,1,0,0,1973,3,1,244000
0,69,7599,0,3,0,0,0,1982,2,1,129500
0,74,10141,0,3,1,0,1,1998,3,1,185000
0,85,10200,0,3,0,0,0,1954,3,1,144900
1,60,5790,0,3,0,0,1,1915,3,2,107400
1,21,1596,0,3,0,0,5,1973,2,1,91000
0,0,8475,0,3,1,0,0,1956,2,1,135750
1,50,8635,0,3,0,0,2,1948,2,1,127000
0,72,10778,0,3,0,0,0,1968,4,2,136500
1,60,10440,0,3,0,0,1,1910,2,1,110000
0,100,13000,0,3,0,0,1,1968,4,1,193500
1,32,4500,0,3,0,0,0,1998,2,1,153500
0,78,10206,0,3,0,0,0,2007,3,1,245000
0,80,8892,0,3,1,0,0,1960,3,1,126500
0,0,8530,0,3,1,0,5,1995,3,1,168500
0,121,16059,0,3,0,0,1,1991,4,1,260000
0,122,11911,0,3,2,0,1,2005,3,1,174000
3,40,3951,0,3,0,0,1,2009,2,1,164500
2,105,8470,0,3,1,0,2,1915,2,1,85000
0,60,8070,0,3,0,0,0,1994,3,1,123600
0,60,7200,0,3,0,0,0,1950,2,1,109900
0,85,8500,0,3,0,0,0,1961,2,1,98600
0,80,13360,0,1,1,0,0,1921,2,1,163500
2,60,7200,0,3,0,0,6,1910,4,2,133900
0,69,9337,0,3,1,0,1,1997,3,1,204750
0,0,9765,0,3,2,0,1,1993,3,1,185000
0,78,10264,0,3,1,0,0,1999,3,1,214000
0,73,10921,0,3,0,0,0,1965,3,1,94750
0,85,10625,0,3,0,0,0,1920,2,1,83000
0,77,9320,0,3,1,0,0,1959,3,1,128950
0,0,10603,0,3,1,0,0,1977,3,1,205000
0,77,9206,0,3,0,0,1,1985,3,1,178000
0,64,7018,0,3,0,0,0,1979,4,2,118964
0,94,10402,0,3,1,0,0,2009,3,1,198900
1,0,7758,0,3,0,0,2,1931,4,1,169500
3,75,9375,0,3,0,0,1,2003,3,1,250000
1,60,10800,0,1,0,0,0,1885,2,1,100000
1,50,6000,0,3,0,0,0,1948,2,1,115000
1,85,8500,0,3,0,0,2,1919,3,1,115000
0,105,11751,0,3,1,0,0,1977,3,1,190000
0,75,9525,0,3,0,0,2,1954,4,1,136900
0,0,7750,0,3,1,0,5,2000,3,1,180000
0,77,9965,0,3,0,0,1,2007,4,1,383970
0,0,21000,0,3,0,0,0,1953,3,1,217000
0,61,7259,0,3,1,0,1,1945,3,1,259500
3,34,3230,0,0,0,0,1,1999,2,1,176000
0,0,11616,0,3,0,0,0,1962,3,1,139000
0,74,8536,0,3,0,0,0,2006,2,1,155000
0,90,12376,0,3,0,0,1,1990,5,1,320000
0,65,8461,0,3,0,0,1,2005,3,1,163990
0,0,21453,0,3,1,0,5,1969,1,1,180000
1,50,6060,0,3,0,0,2,1939,3,1,100000
0,75,9464,0,3,0,0,0,1958,3,1,136000
0,55,7892,0,3,0,0,0,1993,2,1,153900
0,48,17043,0,3,1,0,0,1979,3,1,181000
1,60,6780,0,3,0,0,2,1935,2,1,84500
0,0,4928,0,3,1,0,0,1976,2,1,128000
1,55,4388,0,3,1,0,3,1930,3,1,87000
0,69,7590,0,3,0,0,1,1966,3,1,155000
0,69,8973,0,3,0,0,0,1958,3,1,150000
0,88,14200,0,3,0,0,1,1966,4,1,226000
0,0,12224,0,3,1,0,1,2000,3,1,244000
0,75,7388,0,3,0,0,0,1959,3,1,150750
0,0,6853,0,3,1,0,0,2001,2,1,220000
0,78,10335,0,3,1,0,0,1968,3,1,180000
0,80,10400,0,3,0,0,0,1970,3,1,174000
0,0,10355,0,3,1,0,0,1967,3,1,143000
0,82,11070,0,3,0,0,0,1988,5,2,171000
0,73,9066,0,3,1,0,1,1999,3,1,230000
0,65,15426,0,3,1,0,1,1997,3,1,231500
0,70,10500,0,3,0,0,0,1971,3,1,115000
0,78,11645,0,3,0,0,0,2005,3,1,260000
0,71,8520,0,3,0,0,2,1952,4,1,166000
0,78,10335,0,3,1,0,0,1999,3,1,204000
1,70,9100,0,3,0,0,0,1963,6,2,125000
1,24,2522,0,3,0,0,1,2004,3,1,130000
1,51,6120,0,3,0,0,0,1931,2,1,105000
0,0,9505,0,3,1,0,1,2001,3,1,222500
0,63,7500,0,3,0,0,0,2004,3,1,141000
1,0,6240,0,3,0,0,2,1936,3,1,115000
0,120,10356,0,3,0,0,0,1975,3,1,122000
0,107,13891,0,3,0,0,0,2007,2,1,372402
0,0,14803,0,3,1,0,1,1971,4,1,190000
0,0,13500,0,3,0,0,0,1960,1,1,235000
1,84,11340,0,3,0,0,0,1923,4,1,125000
0,60,9600,0,3,0,0,2,1924,2,1,79000
0,60,7200,0,3,0,0,0,1950,2,1,109500
0,92,12003,0,3,0,0,1,2009,4,1,269500
3,100,12552,0,3,0,0,1,2004,3,1,254900
0,134,19378,0,3,1,0,1,2005,4,1,320000
0,0,11120,0,3,1,0,0,1984,3,1,162500
0,110,13688,0,3,1,0,1,2003,3,1,412500
0,95,12182,0,3,0,0,0,2005,3,1,220000
0,55,5500,0,3,0,0,3,1956,1,1,103200
1,40,5400,0,0,0,0,0,1926,3,1,152000
0,62,10106,0,3,0,0,2,1940,4,2,127500
0,0,10708,0,3,1,0,0,1955,2,1,190000
0,86,10562,0,3,0,0,1,2007,3,1,325624
0,62,8244,0,3,1,0,1,2004,3,1,183500
0,0,16669,0,3,1,0,0,1981,2,1,228000
1,0,12358,0,3,1,0,2,1941,2,1,128500
0,141,31770,0,3,1,0,0,1960,3,1,215000
0,44,5306,0,3,1,0,1,1987,2,1,239000
0,80,10197,0,3,1,0,0,1961,3,1,163000
0,47,12416,0,3,1,0,0,1986,3,1,184000
0,84,12615,0,3,0,0,0,1950,4,1,243000
0,97,10029,0,3,1,0,1,1988,4,1,211000
0,0,13650,0,3,0,0,2,1958,4,1,172500
0,63,17423,0,3,1,0,0,2008,1,1,501837
1,60,8520,0,3,0,0,0,1923,2,1,100000
3,0,2117,0,3,0,0,1,2000,3,1,177000
0,54,7588,0,3,0,0,1,1920,4,1,200100
0,60,9060,0,3,0,0,0,1957,3,1,120000
1,63,11426,0,3,0,0,2,2003,3,1,200000
0,92,7438,0,3,1,0,2,1908,3,1,127000
1,90,22950,0,3,2,0,7,1892,4,1,475000
0,0,9947,0,3,1,0,5,1990,3,1,173000
0,60,10410,0,3,0,0,2,1916,3,1,135000
0,64,7018,0,3,0,0,4,1979,2,2,153337
0,41,4923,0,3,0,0,0,2001,0,1,286000
0,70,10570,0,3,0,0,1,1932,3,1,315000
0,0,7472,0,3,1,0,1,1972,4,1,184000
0,68,9017,0,3,1,0,0,1999,3,1,192000
1,24,2522,0,3,0,0,1,2004,3,1,130000
0,60,7180,0,3,1,0,0,1972,3,1,127000
0,24,2280,0,3,0,0,1,1976,3,1,148500
0,79,9416,0,3,0,0,0,2007,3,1,311872
0,174,25419,0,3,0,0,1,1918,4,1,235000
1,92,5520,0,3,0,0,7,1912,5,1,104000
0,76,9591,0,3,0,0,0,2004,3,1,274900
1,80,8546,0,3,0,0,0,2003,2,1,140000
0,75,10125,0,3,0,0,0,1977,3,1,171500
0,50,7000,0,3,0,0,2,1924,2,1,112000
1,0,4438,0,3,0,0,0,2004,1,1,149000
1,50,3500,0,1,0,0,2,1947,2,1,110000
0,99,11851,0,3,0,0,0,1990,3,1,180500
0,40,13673,0,3,1,0,0,1962,3,1,143900
0,0,12493,0,3,1,0,0,1960,3,1,141000
0,0,14364,0,3,1,0,1,1988,3,1,277000
0,75,8250,0,3,0,0,0,1964,3,1,145000
0,67,5604,0,3,0,0,0,1925,2,1,98000
0,83,10420,0,3,0,0,0,2009,3,1,186000
3,72,8640,0,3,0,0,1,2009,3,1,252678
0,43,13568,0,3,2,0,0,1995,3,1,156000
0,0,10900,0,3,1,0,1,1977,3,1,161750
0,72,10011,0,3,1,0,0,1957,2,1,134450
0,65,8450,0,3,0,0,0,2004,3,1,210000
1,57,9906,0,3,0,0,1,1925,3,1,107000
0,0,15660,0,3,1,0,2,1939,3,1,311500
0,43,3010,0,3,0,0,0,2005,2,1,167240
0,73,8990,0,3,1,0,0,2006,2,1,204900
0,0,8068,0,3,1,0,1,2002,4,1,200000
0,85,11475,0,3,0,0,1,1975,3,1,179900
0,70,10500,0,3,0,0,0,1971,2,1,97000
0,103,13472,0,3,0,0,0,2003,3,1,386250
1,21,1680,0,3,0,0,1,1971,3,1,112000
0,82,9950,0,3,1,0,1,1995,4,1,290000
1,21,1869,0,3,0,0,1,1970,2,1,106000
0,70,8521,0,3,0,0,0,1967,3,1,125000
0,43,3182,0,3,0,0,0,2005,2,1,192500
0,73,8760,0,3,0,0,0,1959,3,1,148000
0,174,15138,0,3,1,0,1,1995,4,1,403000
1,21,1680,0,3,0,0,1,1972,2,1,94500
0,75,10650,0,3,0,0,0,1976,3,1,128200
0,0,7851,0,3,0,0,1,2002,4,1,216500
1,21,1680,0,3,0,0,1,1971,2,1,89500
0,65,8773,0,3,0,0,0,2004,3,1,185500
0,0,9453,0,3,1,0,1,1993,3,1,194500
0,93,12030,0,3,0,0,0,2007,3,1,318000
0,52,8741,0,3,0,0,2,1945,3,1,113000
3,75,9000,0,3,0,0,0,2008,3,1,262500
1,40,3880,0,3,0,0,0,1945,2,1,110500
1,63,5000,0,3,0,0,2,1900,3,1,79000
0,75,10762,0,3,0,0,1,1980,3,1,120000
0,0,8880,0,3,1,0,1,1994,3,1,205000
0,80,10400,0,3,0,0,0,1988,3,1,241500
1,69,9142,0,1,0,0,1,1910,4,2,137000
0,75,11310,0,3,0,0,0,1954,2,1,140000
0,72,11317,0,3,0,0,1,2003,3,1,180000
0,0,159000,0,3,2,0,2,1958,4,1,277000
0,55,5350,0,3,1,0,0,1940,3,1,76500
1,44,4750,0,3,1,0,0,2006,2,1,235000
0,65,8366,0,3,1,0,1,2004,3,1,173000
0,85,9350,0,3,0,0,5,1964,3,1,158000
0,70,8400,0,3,0,0,0,1957,3,1,145000
0,66,8738,0,3,1,0,1,1999,4,1,230000
3,64,8791,0,3,1,0,1,2003,3,1,207500
0,68,8814,0,3,0,0,0,2006,3,1,220000
0,80,12435,0,3,0,0,1,2001,3,1,231500
1,70,12702,0,3,0,0,0,1956,2,1,97000
0,120,19296,0,3,0,0,5,1962,3,1,176000
0,69,9588,0,3,1,0,1,2007,3,1,276000
0,88,8471,0,3,1,0,5,1977,3,1,151000
1,50,5500,0,3,0,0,2,1929,3,1,130000
1,30,5232,0,1,3,0,0,1925,2,1,73000
0,78,12090,0,3,1,0,0,1981,3,1,175500
0,70,11207,0,3,1,0,1,1997,3,1,185000
0,60,8400,0,3,0,0,7,1939,4,1,179500
1,71,6900,0,3,0,0,0,1940,2,1,120500
0,0,7917,0,3,1,0,0,1976,3,1,148000
3,84,10728,0,3,0,0,1,2006,3,1,266000
0,73,39104,0,3,1,0,0,1954,2,1,241500
0,92,11764,0,3,1,0,1,1999,4,1,290000
0,80,9600,0,3,0,0,0,1958,3,1,139000
0,76,8314,0,3,0,0,0,1982,2,1,124500
0,55,7264,0,3,0,0,2,1925,3,1,205000
0,129,9196,0,3,1,0,0,2003,3,1,201000
0,140,19138,0,3,0,0,0,1951,2,1,141000
0,107,14450,0,3,0,0,0,2006,3,1,415298
0,83,10005,0,3,0,0,1,1977,4,1,192000
0,82,11287,0,3,0,0,1,1989,3,1,228500
3,60,7200,0,0,0,0,0,2006,2,1,185000
0,34,5063,0,3,0,0,0,2007,2,1,207500
0,74,9612,0,3,0,0,0,2008,3,1,244600
0,50,8012,0,3,0,0,0,1992,2,1,179200
3,35,4251,0,0,1,0,1,2006,2,1,164700
0,77,9786,0,3,1,0,2,1962,3,1,159000
0,0,8125,0,3,1,0,0,1971,3,1,88000
0,0,9819,0,3,1,0,0,1967,3,1,122000
0,60,8730,0,3,0,0,1,1915,3,1,153575
0,120,15611,0,3,0,0,1,2006,3,1,233230
0,55,5687,0,1,0,0,1,1912,6,1,135900
0,60,11409,0,3,0,0,2,1949,3,1,131000
0,0,16659,0,3,1,0,1,1977,3,1,235000
0,80,9600,0,3,0,0,0,1953,3,1,167000
0,37,7937,0,3,1,0,5,1984,3,1,142500
1,75,13710,0,3,0,0,2,1950,4,1,152000
3,66,7399,0,0,1,0,1,1997,3,1,239000
0,90,11700,0,3,0,0,1,1968,3,1,175000
0,80,14000,0,3,0,0,0,1950,3,1,158500
0,90,15750,0,3,0,0,0,1953,2,1,157000
0,66,16226,0,3,3,0,1,1998,4,1,267000
0,118,13704,0,3,1,0,0,2001,3,1,205000
0,70,9800,0,3,0,0,0,1972,3,1,149900
1,87,18386,0,3,0,0,7,1880,3,1,295000
0,80,10386,0,3,0,0,0,2004,3,1,305900
0,116,13474,0,3,0,0,1,1990,4,1,225000
1,0,7920,0,1,1,0,2,1920,3,1,89500
0,0,12342,0,3,1,0,0,1940,1,1,82500
0,90,12378,0,3,1,0,0,2003,3,1,360000
0,0,7685,0,3,1,0,1,1993,3,1,165600
0,50,8000,0,3,0,0,0,1948,2,1,132000
1,65,7800,0,3,0,0,2,1939,3,1,119900
0,150,215245,0,3,3,0,0,1965,3,1,375000
1,60,9600,0,1,0,0,1,1925,3,1,178000
0,71,7795,0,3,1,0,1,2004,3,1,188500
0,94,13005,0,3,1,0,1,1980,4,1,260000
3,75,9000,0,3,0,0,1,2006,3,1,270000
0,90,9900,0,3,0,0,1,1993,4,1,260000
0,0,14115,0,3,0,0,5,1980,3,1,187500
0,111,16259,0,3,0,0,1,2006,4,1,342643
0,99,12099,0,3,1,0,1,2004,4,1,354000
0,86,10380,0,3,1,0,1,1986,4,1,301000
1,49,5820,0,3,0,0,0,1955,3,1,126175
0,96,11275,0,3,0,0,5,1967,5,1,242000
1,50,5000,0,3,0,0,3,1941,2,1,87000
0,32,10846,0,3,1,0,0,1993,1,1,324000
0,80,11600,0,3,0,0,0,1960,3,1,145250
0,0,11888,0,0,1,0,6,1916,5,1,214500
1,60,6402,0,3,0,0,1,1920,3,1,78000
0,0,10624,0,3,1,0,0,1964,6,2,119000
0,70,8176,0,3,0,0,0,1958,3,1,139000
0,85,10655,0,3,1,0,0,2003,3,1,284000
1,59,8198,0,3,0,0,0,2004,2,1,207000
0,59,9042,0,3,1,0,1,1998,3,1,192000
0,0,164660,1,3,1,0,2,1965,3,1,228950
0,86,14157,0,3,1,0,0,2005,3,1,377426
0,70,9135,0,3,0,0,0,2002,3,1,214000
0,91,14145,0,3,0,0,0,1984,3,1,202500
0,66,12400,0,3,1,0,0,1958,3,1,155000
0,85,14191,0,3,0,0,1,2002,4,1,202900
4,60,8400,0,3,0,0,0,1950,2,1,82000
0,0,8544,0,3,0,0,0,1949,2,2,87500
0,63,8849,0,3,1,0,0,2005,2,1,266000
1,36,2592,0,3,0,0,1,1976,3,1,85000
0,65,6435,0,3,0,0,2,1939,3,1,140200
0,0,12772,0,3,1,0,0,1960,2,1,151500
0,0,17600,0,3,1,0,0,1960,3,1,157500
0,36,2448,0,3,0,0,1,2003,2,1,154000
0,56,20431,0,3,2,0,1,2005,4,1,437154
0,68,7820,0,3,1,0,0,2007,2,1,318061
0,0,5271,0,3,1,0,0,1986,2,1,190000
0,60,9084,0,3,0,0,2,1941,3,1,95000
1,60,8520,0,3,0,0,0,1928,2,1,105900
0,60,8400,0,3,0,0,2,1940,2,1,140000
0,105,11249,0,3,2,0,0,1995,3,1,177500
0,0,9248,0,3,1,0,0,1992,3,1,173000
1,44,4224,0,3,0,0,0,1976,3,1,134000
0,92,6930,0,3,1,0,5,1958,3,1,130000
0,78,12011,0,3,1,0,1,1998,3,1,280000
0,0,7540,0,3,1,0,4,1978,2,1,156000
0,0,9144,0,0,0,0,2,1940,3,1,145000
0,64,7301,0,3,0,0,4,2003,4,1,198500
1,21,1680,0,3,0,0,1,1972,2,1,118000
0,0,18800,0,3,1,0,1,1976,3,1,190000
1,59,10690,0,3,0,0,1,1920,3,1,147000
0,0,9500,0,3,1,0,0,1963,3,1,159000
0,101,9150,0,3,1,0,5,1962,3,1,165000
0,78,7800,0,3,0,0,0,1954,2,1,132000
0,0,9830,0,3,1,0,0,1959,3,1,162000
0,0,8121,0,3,1,0,1,2000,3,1,172400
0,80,17120,0,3,0,0,2,1959,4,1,134432
0,50,7175,0,3,0,0,0,1984,2,1,125000
0,79,10634,0,3,0,0,0,1953,3,1,123000
0,65,8200,0,3,0,0,1,2003,4,1,219500
0,0,10020,0,3,1,0,0,1922,1,1,61000
0,57,8846,0,3,1,0,4,1996,2,1,148000
3,102,11143,0,3,1,0,1,2004,4,1,340000
0,88,11394,0,3,0,0,0,2010,1,1,394432
0,60,8123,0,3,1,0,1,2000,3,1,179000
0,50,5000,0,0,0,0,2,1924,3,1,127000
3,60,7200,0,0,0,0,0,2006,2,1,187750
0,79,9245,0,3,1,0,1,2006,3,1,213500
4,60,9000,0,3,0,0,3,1928,2,1,76000
0,0,53107,0,3,2,0,1,1992,3,1,240000
0,43,3182,0,3,0,0,0,2004,2,1,192000
0,58,8410,0,3,0,0,2,1910,5,1,81000
0,72,7200,0,3,0,0,5,1976,3,1,125000
0,93,9382,0,3,1,0,0,1999,3,1,191000
0,96,12474,0,3,0,0,1,2007,3,1,426000
0,50,8405,0,1,0,0,2,1900,4,1,119000
0,71,12209,0,3,1,0,1,2001,3,1,215000
0,0,8339,0,3,1,0,0,1959,3,1,106500
0,0,7446,0,3,0,0,0,1941,2,1,100000
0,60,10134,0,3,0,0,2,1940,2,1,109000
0,68,9571,0,3,0,0,0,1956,3,1,129000
0,60,7200,0,3,0,0,0,1972,2,1,123000
0,69,7590,0,3,0,0,1,1962,4,1,169500
1,60,8967,0,3,0,0,0,1920,2,1,67000
3,65,8125,0,3,0,0,1,2006,2,1,241000
0,38,14963,0,3,2,0,0,1996,1,1,245500
0,65,8767,0,3,1,0,0,2005,3,1,164990
0,60,10200,0,3,0,0,0,1940,2,1,108000
0,93,12090,0,3,0,0,1,1998,4,1,258000
0,0,10364,0,3,1,0,1,1995,3,1,168000
0,0,9991,0,3,1,0,0,1976,3,1,150000
0,51,10480,0,3,0,0,2,1936,3,1,115000
0,63,15576,0,3,0,0,1,1915,4,1,177000
0,109,14154,0,3,0,0,1,2006,3,1,280000
3,85,10800,0,3,0,0,1,2007,3,1,339750
0,68,9571,0,3,0,0,0,1958,3,1,60000
0,100,34650,0,3,0,0,0,1955,3,1,145000
3,0,4403,0,3,2,0,0,2009,2,1,222000
1,56,8960,0,1,0,0,0,1927,2,1,115000
0,59,11228,0,3,2,0,1,1993,3,1,228000
0,73,8899,0,3,1,0,0,2007,3,1,181134
0,74,7844,0,3,0,0,1,1978,3,1,149500
0,86,22420,0,3,1,0,1,1918,4,1,239000
0,60,8160,0,3,0,0,2,1940,3,1,126000
0,65,8450,0,3,0,0,0,1968,3,1,142000
1,78,7060,0,3,0,0,4,1997,2,2,206300
0,0,16635,0,3,1,0,0,1977,3,1,215000
0,100,21750,0,3,0,0,0,1954,2,1,113000
0,80,9200,0,3,0,0,1,1998,4,1,315000
0,72,9000,0,3,0,0,0,1956,2,1,139000
1,60,3378,0,1,0,0,1,1946,3,1,135000
0,0,12800,0,3,0,0,5,1989,2,1,275000
0,77,8593,0,3,1,0,0,1957,3,1,109008
0,64,6762,0,3,0,0,0,2007,2,1,195400
0,130,11457,0,3,1,0,0,1988,3,1,175000
1,21,1680,0,3,0,0,1,1971,2,1,85400
1,60,5586,0,3,1,0,2,1920,4,1,79900
1,24,1920,0,3,0,0,1,1971,2,1,122500
0,100,10839,0,3,1,0,1,1997,3,1,181000
1,21,1890,0,3,0,0,4,1972,1,1,81000
0,43,10667,0,3,2,0,1,1996,3,1,212000
1,40,4400,0,3,0,0,2,1920,2,1,116000
1,50,6000,0,3,0,0,3,1926,2,1,119000
0,40,4280,0,3,0,0,0,1913,2,1,90350
0,67,12354,0,1,0,0,2,1920,3,1,110000
0,105,15431,0,3,0,0,0,2008,2,1,555000
0,92,12108,0,3,0,0,0,1955,4,2,118000
1,52,6240,0,3,0,0,2,1930,3,1,162900
0,53,3922,0,3,0,0,0,2006,2,1,172500
0,70,8750,0,3,0,0,1,1994,4,1,210000
0,73,9855,0,3,0,0,0,1956,3,1,127500
0,137,16492,0,3,1,0,0,1966,2,1,190000
0,0,11214,0,3,1,0,1,1998,4,1,199900
1,50,8600,0,3,0,0,2,1937,3,1,119500
1,50,6000,0,3,0,0,2,1948,2,1,120000
1,70,5684,0,3,0,0,0,1930,2,1,110000
0,62,70761,0,3,1,0,0,1975,2,1,280000
0,0,9303,0,3,1,0,1,1996,3,1,204000
3,75,9000,0,3,0,0,1,2008,3,1,210000
0,63,9297,0,3,0,0,0,1976,4,2,188000
0,80,9600,0,3,0,0,0,1973,3,1,175500
1,34,4571,0,1,0,0,1,1916,4,1,98000
0,0,53227,0,3,1,0,0,1954,2,1,256000
1,0,5100,0,1,0,0,1,1925,3,1,161000
0,0,7015,0,3,1,0,2,1950,3,1,110000
3,75,8004,0,3,1,0,1,2009,3,1,263435
0,60,7200,0,3,0,0,1,1936,3,1,155000
0,60,8281,0,3,1,0,0,1965,3,1,62383
0,74,11988,0,3,1,0,1,1934,3,1,188700
0,60,8430,0,3,0,0,0,1978,3,1,124000
1,0,3072,0,3,0,0,0,2004,2,1,178740
0,85,10628,0,3,0,0,0,1970,2,1,167000
0,79,9480,0,3,0,0,1,1942,3,1,146500
0,98,11428,0,3,1,0,0,2006,3,1,250000
0,76,9291,0,3,1,0,1,1993,3,1,187000
0,0,6820,0,3,1,0,0,1985,1,1,212000
0,92,11952,0,3,0,0,1,1977,3,1,190000
1,35,3675,0,3,0,0,5,2005,2,1,148000
0,110,14977,0,3,1,0,0,2006,2,1,440000
0,41,5330,0,3,0,0,0,2000,2,1,251000
0,80,8480,0,3,0,0,0,1963,2,1,132500
0,75,13125,0,3,0,0,0,1997,3,1,208900
0,105,13693,0,3,0,0,1,2006,3,1,380000
0,79,10637,0,3,0,0,0,2007,3,1,297000
1,50,5925,0,3,0,0,0,1937,2,1,89471
0,98,16033,0,3,1,0,0,2004,3,1,326000
0,72,11846,0,3,1,0,0,2003,2,1,374000
1,50,2500,0,0,0,0,1,1915,4,1,155000
1,32,4500,0,3,0,0,0,1998,2,1,164000
0,0,7758,0,3,1,0,0,1962,3,1,132500
0,80,9600,0,3,0,0,0,1950,3,1,147000
0,79,10289,0,3,0,0,0,1965,3,1,156000
0,70,12243,0,3,1,0,0,1971,3,1,175000
0,60,10800,0,3,0,0,2,1900,3,2,160000
1,21,1526,0,3,0,0,4,1970,1,1,86000
1,0,2665,0,3,0,0,1,1976,3,1,115000
0,79,9490,0,3,0,0,2,1941,3,1,133000
0,105,15578,0,3,1,0,1,2006,3,1,172785
0,70,7931,0,3,0,0,0,1960,3,1,155000
1,50,5784,0,3,0,0,0,1938,2,1,91300
2,60,7879,0,3,0,0,0,1920,2,1,34900
0,0,12692,0,3,1,0,0,1992,4,1,430000
0,60,9120,0,0,0,0,2,1925,4,1,184000
0,65,7800,0,3,0,0,0,1967,3,1,130000
0,70,7535,0,3,1,0,0,1958,2,1,120000
1,21,1890,0,3,0,0,1,1973,3,1,113000
3,75,9803,0,3,0,0,1,2005,3,1,226700
0,70,9170,0,3,0,0,0,1965,2,1,140000
0,100,15602,0,3,1,0,0,1959,1,1,289000
0,24,2308,0,3,0,0,1,1974,3,1,147000
1,60,7596,0,1,0,0,1,1952,4,2,124500
0,80,9554,0,3,1,0,1,1993,3,1,215000
3,75,7862,0,3,1,0,0,2009,2,1,208300
1,60,9600,0,3,0,0,1,1928,3,1,161000
0,80,9600,0,3,0,0,0,1959,3,1,124500
0,75,14559,0,3,0,0,0,1951,2,1,164900
0,40,6792,0,3,1,0,0,2005,2,1,202665
0,70,9100,0,3,0,0,0,1958,3,1,129900
0,71,9187,0,3,0,0,0,1983,3,1,134000
0,55,10594,0,3,0,0,3,1926,2,1,96500
0,94,12220,0,3,0,0,0,2009,3,1,402861
0,0,10448,0,3,1,0,5,1972,3,1,158000
0,79,10208,0,3,1,0,1,1996,3,1,265000
0,0,9531,0,3,1,0,1,1998,3,1,211000
0,53,10918,0,3,0,0,1,1926,3,1,234000
0,60,10800,0,1,0,0,1,1900,3,2,106250
0,90,11988,0,3,1,0,0,1957,3,1,150000
1,50,5000,0,3,0,0,2,1947,3,1,159000
0,130,40094,0,3,1,0,1,2007,3,1,184750
0,95,11787,0,3,1,0,1,1996,3,1,315750
3,62,7500,0,0,0,0,0,2005,3,1,176000
0,70,13300,0,3,0,0,0,1956,2,1,132000
0,67,14948,0,3,1,0,1,2008,3,1,446261
0,58,9098,0,3,1,0,0,1920,2,1,86000
0,0,32668,0,3,1,0,0,1957,4,2,200624
0,85,10200,0,3,0,0,5,1988,3,1,175000
1,60,6155,0,3,1,0,1,1920,3,1,128000
0,60,7200,0,3,0,0,0,1955,2,1,107500
0,50,5000,0,3,0,0,0,1946,1,1,39300
0,74,9056,0,3,1,0,1,2004,3,1,178000
0,70,7000,0,3,0,0,1,1910,3,1,107500
0,57,8924,0,3,1,0,1,1998,3,1,188000
0,0,12735,0,3,1,0,0,1972,3,1,111250
0,0,11553,0,3,1,0,0,1968,3,1,158000
0,0,11423,0,3,0,0,0,2001,3,1,272000
0,85,14601,0,3,0,0,0,2006,2,1,315000
0,0,11000,0,3,0,0,1,2000,4,1,248000
0,78,10140,0,3,0,0,0,1998,3,1,213250
4,34,4058,0,3,0,0,4,1998,1,1,133000
0,58,17104,0,3,1,0,1,2006,3,1,179665
0,0,13837,0,3,1,0,2,1988,4,1,229000
0,70,8737,0,3,1,0,2,1923,3,1,210000
0,54,7244,0,3,0,0,4,1970,2,1,129500
1,49,8235,0,3,1,0,0,1955,2,1,125000
3,75,9375,0,3,0,0,1,2003,4,1,263000
0,53,4043,0,3,0,0,0,1977,2,1,140000
1,50,6000,0,3,0,0,0,1957,3,1,112500
0,87,11146,0,3,1,0,0,2006,3,1,255500
0,67,8777,0,3,0,0,0,1949,2,1,108000
0,85,10625,0,3,0,0,1,2003,3,1,284000
1,58,6380,0,3,0,0,3,1922,2,1,113000
0,69,14850,0,3,1,0,0,1957,2,1,141000
2,60,11040,0,3,0,0,2,1920,3,1,108000
0,57,21872,0,3,2,0,1,1996,3,1,175000
0,0,3196,0,3,0,0,0,2003,2,1,234000
0,0,11341,0,3,1,0,0,1957,3,1,121500
0,77,10010,0,3,0,0,0,1974,2,1,170000
0,63,13907,0,3,0,0,0,1940,3,1,108000
0,66,21780,0,3,0,0,2,1918,4,1,185000
0,0,13346,0,3,1,0,1,1992,4,1,268000
0,66,6858,0,3,0,0,1,1915,4,1,128000
0,77,11198,0,3,1,0,1,2005,4,1,325000
0,70,10171,0,3,1,0,0,2004,3,1,214000
0,79,12327,0,3,1,0,2,1983,1,1,316600
0,0,7032,0,3,1,0,4,1979,2,1,135960
0,74,13101,0,3,1,0,0,1965,6,2,142600
0,60,7332,0,3,0,0,0,1959,2,1,120000
0,83,13159,0,3,1,0,1,2009,3,1,224500
0,76,9967,0,3,1,0,5,2000,3,1,170000
0,70,10500,0,3,0,0,5,1971,3,1,139000
0,80,8480,0,3,0,0,2,1947,2,1,118500
0,52,6292,0,3,0,0,2,1928,3,1,145000
0,96,11777,0,3,1,0,5,1966,3,1,164500
3,34,3604,0,0,0,0,1,2007,2,1,146000
1,81,12150,0,1,0,0,2,1954,4,1,131500
0,0,14585,0,3,1,0,0,1960,3,1,181900
0,98,12704,0,3,0,0,0,2008,3,1,253293
0,81,11841,1,3,0,0,4,1990,3,1,118500
1,75,13500,0,3,0,0,6,1893,3,1,325000
1,51,6120,0,3,0,0,2,1935,3,1,133000
0,88,11443,0,3,0,0,0,2005,2,1,369900
0,55,10267,0,3,0,0,0,1918,2,1,130000
0,74,8740,0,3,1,0,4,1982,2,1,137000
0,65,25095,0,3,1,0,0,1968,1,1,143000
1,50,9100,0,3,0,0,0,1930,2,1,79500
0,64,8320,0,3,0,0,1,2004,3,1,185900
0,97,13478,0,3,1,0,1,2008,3,1,451950
0,60,6600,0,3,0,0,0,1982,2,1,138000
1,0,4435,0,3,0,0,0,2003,1,1,140000
0,88,7990,0,3,1,0,0,1975,3,1,110000
0,69,11302,0,3,1,0,0,2005,3,1,319000
1,60,3600,0,1,0,0,1,1910,3,1,114504
0,53,3922,0,3,0,0,0,2006,2,1,194201
0,80,12984,0,3,0,0,0,1977,3,1,217500
1,24,1950,0,3,0,0,1,1980,3,1,151000
0,74,10927,0,3,0,0,1,2005,3,1,275000
1,50,9000,0,3,0,0,2,1937,3,1,141000
0,80,10041,0,3,1,0,1,1992,3,1,220000
3,30,3182,0,0,0,0,1,2004,2,1,151000
0,88,12803,0,3,1,0,0,2002,3,1,221000
0,85,13600,0,3,0,0,1,1965,3,1,205000
0,82,12464,0,3,2,0,0,1996,3,1,152000
0,78,7800,0,3,0,0,1,1948,3,1,225000
0,78,12168,0,3,0,0,1,1934,4,1,359100
0,61,7943,0,3,0,0,0,1961,3,1,118500
0,0,11050,0,3,0,0,1,2000,3,1,313000
0,0,10395,0,3,1,0,5,1978,3,1,148000
0,0,11885,0,3,0,0,1,2001,3,1,261500
0,70,8402,0,3,0,0,0,2007,3,1,147000
1,21,1491,0,3,0,0,4,1972,1,1,75500
0,80,8800,0,3,0,0,4,1963,3,1,137500
0,0,7861,0,3,1,0,1,2002,3,1,183200
0,59,7227,0,3,0,0,3,1954,2,1,105500
0,90,11694,0,3,0,0,0,2007,3,1,314813
0,85,12244,0,3,0,0,1,2003,4,1,305000
0,45,8248,0,1,0,0,0,1914,2,1,67000
0,90,10800,0,3,0,0,1,1974,4,1,240000
0,71,7064,0,3,0,0,0,1977,3,1,135000
3,0,2117,0,3,0,0,1,2000,2,1,168500
0,80,10400,0,3,0,0,1,1972,4,1,165150
0,87,10000,0,3,1,0,0,1962,3,1,160000
0,0,12342,0,3,1,0,0,1960,3,1,139900
0,80,9600,0,3,0,0,5,1955,3,1,153000
0,70,11606,0,3,1,0,1,1969,5,1,135000
0,82,9020,0,3,0,0,5,1964,3,1,168500
1,50,9000,0,1,0,0,1,1880,3,1,124000
0,34,4590,0,3,0,0,0,2006,2,1,209500
0,85,11900,0,3,0,0,0,1977,3,1,82500
0,80,9250,0,3,0,0,0,1954,3,1,139400
0,64,6979,0,3,0,0,4,1980,0,2,144000
4,60,10896,0,0,0,0,7,1914,8,2,200000
1,51,6120,0,3,0,0,0,1936,1,1,60000
1,50,6000,0,3,0,0,2,1954,3,2,93000
0,67,8777,0,3,0,0,0,1910,2,1,85000
0,53,3982,0,3,0,0,0,2006,1,1,264561
0,62,12677,0,3,1,0,0,2003,1,1,274000
3,0,7050,0,3,0,0,1,2001,3,1,226000
0,75,13860,0,3,0,0,5,1972,4,1,345000
0,80,10793,0,3,0,0,1,1969,4,1,152000
3,85,9187,0,3,0,0,0,2009,2,1,370878
0,0,10530,0,3,1,0,0,1971,3,1,143250
0,60,7200,0,3,0,0,0,1950,3,1,98300
0,85,10452,0,3,1,0,0,1953,3,1,155000
0,70,7700,0,3,0,0,1,1966,4,1,155000
1,21,1936,0,3,0,0,4,1970,1,1,84500
3,65,8125,0,3,0,0,1,2007,3,1,205950
0,60,9084,0,3,0,0,1,1940,4,1,108000
0,70,8750,0,3,0,0,1,1996,2,1,191000
1,60,10320,0,1,0,0,2,1906,3,1,135000
0,91,10437,0,3,1,0,0,1995,2,1,350000
1,21,1680,0,3,0,0,1,1971,3,1,88000
0,72,10007,0,3,1,0,0,1959,3,1,145500
0,60,7200,0,3,0,0,1,1931,3,1,149000
0,78,17503,0,3,0,0,2,1948,3,1,97500
0,75,9937,0,3,0,0,0,1964,3,1,167000
0,0,12384,0,3,0,0,1,1976,3,1,197900
0,52,46589,0,3,2,0,1,1994,4,1,402000
0,120,13560,0,3,0,0,0,1968,2,1,110000
0,90,10012,0,3,0,0,4,1972,3,1,137500
0,49,20896,0,3,2,0,0,2005,1,1,423000
0,106,11194,0,3,1,0,1,2000,3,1,230500
0,0,18450,0,3,1,0,1,1965,3,1,129000
0,65,8125,0,3,0,0,0,1994,3,1,193500
0,0,14175,0,3,0,0,0,1956,3,1,168000
0,80,11600,0,3,0,0,0,1922,2,1,137500
0,64,8633,0,3,0,0,1,2005,3,1,173500
4,54,6629,0,3,0,0,1,1925,3,1,103600
0,0,11250,0,3,1,0,0,1977,3,1,165000
0,110,14442,0,3,0,0,0,1957,3,1,257500
0,80,9200,0,3,0,0,0,1965,3,1,140000
0,24,2289,0,3,0,0,1,1978,3,1,148500
1,60,9600,0,1,0,0,1,1900,4,2,87000
0,52,9022,0,3,0,0,0,1924,2,1,109500
0,80,11844,0,3,1,0,0,2008,3,1,372500
0,0,9945,0,3,1,0,0,1961,3,1,128500
0,50,8012,0,3,0,0,0,1980,2,1,143000
4,55,4500,0,0,2,0,2,1932,3,1,159434
0,0,2887,0,3,0,0,0,1996,2,1,173000
0,90,11248,0,3,1,0,0,2002,3,1,285000
0,58,16770,0,3,2,0,1,1998,4,1,221000
0,0,5062,0,3,1,0,1,1984,3,1,207500
3,84,10207,0,3,0,0,1,2007,3,1,227875
3,0,5105,0,3,2,0,1,2004,2,1,148800
0,60,8089,0,3,0,0,0,2007,2,1,392000
0,61,7577,0,3,1,0,0,2005,2,1,194700
1,0,4426,0,3,0,0,0,2004,1,1,141000
0,104,21535,0,3,1,0,1,1994,4,1,755000
0,42,26178,0,3,1,0,1,1989,4,1,335000
0,60,5400,0,3,0,0,0,1921,2,1,108480
1,51,6120,0,3,0,0,2,1936,3,1,141500
0,54,13811,0,3,1,0,0,1987,2,1,176000
1,50,6000,0,3,0,0,0,1921,2,1,89000
0,57,6420,0,3,1,0,0,1952,2,1,123500
0,65,8450,0,3,0,0,0,1965,3,1,138500
3,59,4282,0,0,2,0,0,2004,2,1,196000
0,85,14331,0,3,0,0,0,2002,3,1,312500
0,80,9600,0,3,0,0,0,1969,3,1,140000
0,82,12438,0,3,1,0,1,2006,4,1,361919
1,76,7630,0,3,0,0,1,1900,4,2,140000
0,70,8400,0,3,0,0,0,2004,3,1,213000
1,70,5600,0,3,0,0,1,1930,3,2,55000
0,0,115149,0,3,2,0,0,1971,2,1,302000
0,48,6240,0,3,0,0,0,2006,2,1,254000
0,65,9018,0,3,1,0,1,2007,3,1,179540
0,0,7162,0,3,1,0,0,1966,3,1,109900
0,56,4130,0,3,1,0,0,1935,2,1,52000
2,66,8712,0,0,0,0,2,1900,2,1,102776
0,40,4671,0,3,1,0,0,1988,2,1,189000
0,60,9873,0,3,0,0,0,1970,3,1,129000
0,0,13517,0,3,1,0,1,1976,3,1,130500
0,78,10140,0,3,0,0,0,1974,3,1,165000
1,60,10800,0,1,0,0,1,1890,3,1,159500
0,80,10000,0,3,0,0,0,1973,3,1,157000
0,96,10542,0,3,0,0,1,1993,3,1,341000
0,69,9920,0,3,1,0,0,1969,3,1,128500
0,0,6563,0,3,1,0,0,1985,2,1,275000
1,0,4426,0,3,0,0,0,2004,1,1,143000
0,70,8120,0,3,0,0,0,1970,3,1,124500
0,60,8172,0,3,0,0,2,1954,4,1,135000
0,86,13286,0,3,1,0,0,2007,3,1,320000
0,60,6960,0,3,0,0,0,1970,3,1,120500
0,0,21695,0,3,1,0,0,1988,3,1,222000
0,64,7314,0,3,0,0,0,2007,2,1,194500
0,85,11475,0,3,0,0,0,1958,4,2,110000
1,52,6240,0,1,0,0,2,1925,2,1,103000
0,39,5389,0,3,1,0,0,1995,2,1,236500
0,73,9590,0,3,1,0,5,2003,3,1,187500
0,75,11404,0,3,1,0,1,1998,3,1,222500
0,80,10000,0,3,0,0,0,1961,3,1,131400
0,0,8978,0,3,1,0,0,1968,3,1,108000
1,60,10800,0,3,0,0,6,1914,2,1,163000
0,60,8544,0,3,0,0,0,1950,2,2,93500
0,72,10463,0,3,1,0,1,2005,3,1,239900
0,60,10800,0,3,0,0,0,1987,3,1,179000
0,65,9313,0,3,1,0,1,2004,3,1,190000
1,60,9600,0,1,0,0,1,1910,2,1,132000
0,65,6768,0,3,1,0,0,1961,3,1,142000
0,65,8450,0,3,0,0,0,2000,3,1,179000
0,70,12886,0,3,1,0,5,1963,3,1,175000
0,41,5395,0,3,1,0,0,1993,2,1,180000
0,0,8963,0,3,1,0,1,1976,4,1,299800
0,0,8795,0,3,1,0,1,2000,4,1,236000
1,65,11700,0,0,1,0,1,1880,4,1,265979
0,59,10593,0,3,1,0,0,1996,3,1,260400
0,50,8405,0,3,0,0,2,1945,4,1,98000
1,55,8800,0,1,0,0,2,1910,3,1,96500
0,0,7750,0,3,0,0,1,2003,3,1,162000
0,79,9236,0,3,1,0,0,1997,3,1,217000
0,80,10240,0,3,0,0,1,2005,3,1,275500
0,61,7930,0,3,0,0,0,1969,3,1,156000
3,34,3230,0,0,0,0,1,1999,3,1,172500
0,68,10769,0,3,1,0,1,2007,3,1,212000
0,0,11616,0,3,1,0,1,1978,3,1,158900
3,24,2280,0,0,0,0,1,1999,3,1,179400
0,65,12257,0,3,1,0,1,1995,4,1,290000
0,70,9100,0,3,0,0,0,1959,2,1,127500
1,60,6911,0,3,0,0,0,1924,2,1,100000
3,72,8640,0,3,0,0,1,2009,3,1,215200
0,82,9430,0,3,0,0,1,1999,3,1,337000
0,30,9549,0,3,1,0,0,1995,2,1,270000
0,75,14587,0,3,1,0,0,2008,2,1,264132
0,80,10421,0,3,0,0,1,1988,3,1,196500
0,75,12508,0,3,1,0,2,1940,4,1,160000
0,70,9100,0,3,0,0,0,2004,3,1,216837
0,47,53504,0,3,2,0,1,2003,4,1,538000
0,0,7252,0,3,1,0,4,1982,2,1,134900
0,67,8877,0,3,0,0,0,1951,2,1,102000
0,94,7819,0,3,0,0,5,1976,3,1,107000
0,70,10150,0,3,0,0,0,1958,2,1,114500
0,110,14226,0,3,0,0,0,2006,3,1,395000
1,32,4500,0,3,0,0,0,1998,2,1,162000
0,86,11210,0,3,1,0,0,2005,3,1,221500
0,100,13350,0,3,1,0,0,1974,3,1,142500
4,60,8400,0,3,0,0,0,1977,4,2,144000
0,78,10530,0,3,0,0,4,1977,2,1,135000
0,63,7875,0,3,0,0,0,1995,3,1,176000
0,65,7153,0,3,0,0,1,1992,3,1,175900
0,67,16285,0,3,2,0,0,2001,3,1,187100
0,0,9101,0,3,1,0,4,1978,1,1,165500
1,35,6300,0,1,0,0,6,1914,3,1,128000
0,0,9790,0,3,0,0,0,1967,3,1,161500
1,60,10800,0,3,0,0,2,1915,4,1,139000
0,76,10142,0,3,1,0,1,2004,4,1,233000
1,50,6000,0,3,0,0,0,1954,2,1,107900
0,0,12205,0,3,1,0,1,1966,5,1,187500
0,43,3182,0,3,0,0,0,2005,2,1,160200
0,0,11333,0,3,1,0,5,1976,3,1,146800
0,92,9920,0,3,1,0,1,1996,3,1,269790
0,76,9158,0,3,0,0,0,2007,3,1,225000
0,0,10832,0,3,1,0,1,1994,3,1,194500
0,70,8400,0,3,0,0,1,1980,3,1,171000
0,71,8197,0,3,0,0,0,1977,3,1,143500
0,57,7677,0,3,0,0,0,1953,2,1,110000
0,104,13518,0,3,0,0,1,2008,4,1,485000
0,60,7200,0,3,0,0,2,1937,3,1,175000
0,79,12798,0,3,1,0,1,1997,4,1,200000
1,40,4800,0,3,0,0,0,1916,2,1,109900
0,63,8199,0,3,0,0,1,2005,3,1,189000
0,107,13891,0,3,0,0,1,2008,4,1,582933
0,75,9000,0,3,0,0,0,1954,2,1,118000
0,91,12274,0,3,1,0,0,2008,3,1,227680
0,75,9750,0,3,0,0,5,1967,3,1,135500
0,144,21384,0,3,0,0,1,1923,3,1,223500
0,85,13400,0,3,0,0,5,1966,3,1,159950
1,90,8100,0,3,0,0,6,1898,2,3,106000
0,78,10140,0,3,0,0,0,1974,3,1,181000
1,0,4438,0,3,0,0,0,2004,1,1,144500
2,66,8712,1,3,0,0,0,1952,2,1,55993
0,75,9750,0,3,0,0,0,1958,4,1,157900
0,45,8248,0,1,0,0,2,1918,3,1,116000
0,48,12137,0,3,2,0,0,1998,3,1,224900
0,0,11425,0,3,1,0,0,1954,2,1,137000
0,0,13265,0,3,1,0,0,2002,3,1,271000
0,80,8816,0,3,0,0,5,1971,3,1,155000
0,44,6371,0,3,1,0,0,2009,2,1,224000
0,72,7226,0,3,1,0,1,2003,3,1,183000
1,60,6000,0,0,0,0,0,1953,2,1,93000
0,0,12394,0,3,1,0,1,2003,3,1,225000
0,60,9900,0,3,0,0,2,1940,3,1,139500
3,81,11216,0,3,0,0,0,2006,3,1,232600
0,114,14803,0,3,0,0,0,2007,2,1,385000
1,50,6130,0,3,0,0,3,1924,2,1,109500
0,65,8529,0,3,1,0,0,2001,3,1,189000
0,0,28698,0,3,2,0,1,1967,3,1,185000
3,24,2544,0,0,0,0,1,2005,2,1,147400
0,80,11900,0,3,1,0,0,1957,3,1,166000
3,30,3180,0,0,0,0,1,2005,2,1,151000
0,44,9548,0,3,1,0,1,2003,3,1,237000
0,100,10004,0,3,0,0,0,1964,3,1,167000
0,75,7875,0,3,0,0,0,1961,3,1,139950
0,60,9600,0,3,0,0,0,1950,2,1,128000
1,90,8100,0,0,0,0,0,1948,2,1,153500
1,21,1680,0,3,0,0,1,1973,2,1,100000
0,75,9525,0,3,0,0,0,1995,3,1,144000
0,70,11767,0,3,0,0,2,1946,3,1,130500
4,0,12155,0,3,1,0,1,1925,4,1,140000
1,60,10440,0,1,0,0,1,1904,3,1,157500
0,82,9020,0,3,0,0,5,1966,3,1,174900
0,80,8000,0,3,0,0,0,1961,6,2,141000
1,100,12665,0,1,1,0,2,1915,4,1,153900
0,0,16647,0,3,1,0,4,1975,3,1,171000
0,75,9317,0,3,0,0,1,1993,3,1,213000
0,36,15523,0,3,1,0,0,1972,3,1,133500
0,75,45600,0,3,2,0,2,1908,5,1,240000
0,80,9600,0,3,0,0,5,1976,3,1,187000
1,36,4435,0,3,0,0,0,2003,1,1,131500
0,0,3196,0,3,0,0,0,2003,2,1,215000
0,53,7128,0,3,0,0,6,1941,4,1,164000
0,0,12095,0,3,1,0,5,1964,3,1,158000
0,102,17920,0,3,0,0,0,1955,3,1,170000
0,0,6897,0,3,1,0,0,1962,3,1,127000
0,0,10970,0,3,1,0,5,1978,3,1,147000
0,65,8125,0,3,0,0,1,1994,3,1,174000
0,80,10400,0,3,0,0,0,1976,3,1,152000
0,0,11029,0,3,1,0,1,1968,4,1,250000
0,55,7642,0,3,0,0,2,1918,3,1,189950
0,75,11625,0,3,0,0,0,1965,3,1,131500
0,81,9672,0,3,0,0,0,1984,3,1,152000
0,70,7931,0,3,0,0,0,1959,3,1,132500
3,72,8640,0,3,0,0,0,2007,3,1,250580
0,0,8750,0,3,1,0,0,1970,3,1,148500
0,67,10656,0,3,1,0,0,2006,3,1,248900
0,85,6970,0,3,0,0,0,1961,3,1,129000
0,0,14762,0,3,2,0,1,1948,2,1,169000
0,80,9938,0,3,0,0,1,1993,3,1,236000
0,60,6600,0,3,0,0,0,1962,2,1,109500
0,70,8750,0,3,0,0,1,1998,3,1,200500
0,74,8892,0,3,0,0,0,1953,3,1,116000
0,60,12144,0,3,0,0,0,1949,3,1,133000
1,52,5720,0,3,0,0,2,1941,3,1,66500
3,75,9000,0,3,0,0,1,2007,4,1,303477
0,94,25286,0,3,0,0,0,1963,3,1,132250
0,74,8834,0,3,0,0,1,2004,4,1,350000
0,88,11782,0,3,1,0,4,1961,3,1,148000
0,0,7000,0,3,1,0,0,1978,3,1,136500
0,60,7024,0,3,0,0,0,2005,2,1,157000
0,44,13758,0,3,1,0,2,1990,3,1,187500
0,0,9636,0,3,1,0,1,1992,3,1,178000
0,60,6204,0,3,0,0,7,1912,5,1,118500
0,65,7150,0,3,0,0,0,1967,3,1,100000
3,50,5119,0,3,1,0,0,1999,2,1,328900
0,70,8393,0,3,0,0,0,1959,4,2,145000
0,59,16466,0,3,1,0,2,1955,3,1,135500
0,95,15865,0,3,1,0,0,1970,4,1,268000
0,128,12160,0,3,0,0,0,1953,2,1,149500
0,60,8064,0,3,0,0,2,1949,3,1,122900
0,70,11184,0,3,0,0,1,1978,3,1,172500
0,70,8414,0,3,0,0,0,1963,3,1,154500
0,0,13284,0,3,0,0,0,1954,3,1,165000
0,64,7018,0,3,0,0,0,1979,4,2,118858
0,71,7056,0,3,0,0,1,1963,4,1,140000
1,50,8765,0,1,0,0,0,1936,2,1,106500
0,64,7018,0,3,0,0,1,1979,6,2,142953
0,100,12919,0,3,1,0,0,2009,2,1,611657
0,65,6993,0,3,0,0,0,1961,3,1,135000
0,0,7340,0,3,1,0,0,1971,2,1,110000
0,64,8712,0,3,1,0,0,1957,2,1,153000
0,63,7875,0,3,0,0,1,2003,3,1,180000
0,50,14859,0,3,1,0,0,2006,3,1,240000
0,0,6173,0,3,1,0,0,1967,3,1,125500
0,80,9920,0,3,0,0,0,1954,3,1,128000
0,116,13501,0,3,1,0,0,2006,3,1,255000
0,86,11500,0,3,1,0,2,1936,3,1,250000
0,0,8885,0,3,1,0,0,1983,2,1,131000
0,149,12589,0,3,2,0,1,2005,3,1,174000
0,80,11600,0,3,0,0,1,1960,5,2,154300
0,0,9286,0,3,1,0,0,1977,3,1,143500
1,51,6120,0,3,0,0,0,1925,3,1,88000
4,82,6270,0,3,0,0,1,1949,4,2,145000
3,30,3000,0,0,0,0,1,2009,2,1,173733
1,21,2001,0,3,0,0,1,1970,3,1,75000
2,50,9000,0,3,0,0,0,1949,1,1,35311
0,0,17140,0,3,0,0,0,1956,3,1,135000
0,103,13125,0,3,1,0,1,1991,4,1,238000
0,87,11029,0,3,1,0,0,1958,3,1,176500
0,70,8462,0,3,1,0,1,1994,3,1,201000
0,67,8777,0,3,0,0,2,1900,4,2,145900
0,65,10237,0,3,0,0,0,2005,3,1,169990
0,50,8012,0,3,0,0,0,1993,2,1,193000
0,79,10240,0,3,0,0,0,1980,3,1,207500
0,0,15611,0,3,1,0,0,1977,3,1,175000
0,93,11999,0,3,0,0,1,2003,4,1,285000
0,0,9900,0,3,0,0,1,1968,4,1,176000
0,0,11838,0,3,0,0,0,2001,3,1,236500
0,0,13006,0,3,1,0,1,1997,4,1,222000
0,73,8925,0,3,1,0,0,2007,3,1,201000
0,70,9100,0,3,0,0,0,1965,2,1,117500
0,84,11670,0,3,1,0,0,2006,3,1,320000
0,63,8487,0,3,0,0,0,2004,3,1,190000
0,313,27650,0,3,2,0,0,1960,4,1,242000
0,52,5825,0,3,1,0,0,1926,1,1,79900
0,67,10083,0,3,0,0,0,2003,2,1,184900
0,75,9675,0,3,0,0,1,2005,3,1,253000
0,73,8760,0,3,0,0,1,2006,3,1,239799
0,0,24090,0,3,0,0,1,1940,4,1,244400
0,55,12640,0,3,1,0,0,1976,4,2,150900
0,0,8755,0,3,1,0,1,1999,3,1,214000
0,42,7711,0,3,1,0,0,1977,4,2,150000
0,100,25000,0,3,0,0,0,1967,4,2,143000
0,0,14375,0,3,1,1,5,1958,3,1,137500
1,98,8820,0,3,0,0,2,1890,2,1,124900
0,70,8163,0,3,0,0,5,1959,3,1,143000
0,85,14536,0,3,0,0,0,2002,3,1,270000
0,65,14006,0,3,1,0,1,2002,3,1,192500
0,78,9360,0,3,0,0,0,1972,3,1,197500
0,60,7200,0,3,0,0,0,1950,3,1,129000
4,60,7800,0,3,0,0,0,1965,3,1,119900
0,60,7200,0,3,0,0,4,1972,2,1,133900
0,0,11075,0,3,1,0,1,1969,4,1,172000
0,35,9400,0,3,1,0,4,1975,4,0,127500
4,82,7136,0,3,1,0,1,1946,4,2,145000
1,24,1300,0,3,0,0,1,1980,2,1,124000
0,70,7420,0,3,0,0,0,1962,3,1,132000
0,65,8450,0,3,0,0,0,2003,3,1,185000
3,24,2572,0,3,0,0,1,1999,3,1,155000
0,50,7207,0,3,1,0,0,1958,2,1,116500
0,0,12227,0,3,1,0,1,1977,4,1,272000
0,24,2308,0,3,0,0,1,1976,3,1,155000
0,122,11923,0,3,1,0,0,2007,2,1,239000
0,80,11316,0,3,0,0,1,2002,4,1,214900
0,65,10237,0,3,0,0,1,2005,3,1,178900
0,130,9600,0,3,1,0,2,1940,2,1,160000
0,0,7390,0,3,1,0,0,1955,3,1,135000
1,50,5925,0,3,0,0,2,1910,2,1,37900
0,75,10382,0,3,0,0,5,1958,2,1,140000
0,60,10800,0,3,0,0,2,1949,4,1,135000
0,36,2268,0,3,0,0,1,2003,2,1,173000
0,55,7892,0,3,0,0,0,1979,2,1,99500
3,95,11639,0,3,0,0,0,2007,3,1,182000
0,60,11414,0,3,1,0,1,1910,3,1,167500
3,0,2651,0,3,0,0,1,2000,3,1,165000
0,51,5900,0,3,1,0,0,1923,2,1,85500
3,35,4274,0,0,1,0,0,2006,1,1,199900
0,68,9450,0,3,0,0,0,1954,3,1,110000
0,80,8816,0,3,0,0,0,1963,3,1,139000
0,0,12122,0,3,1,0,4,1961,3,1,178400
0,98,12203,0,3,1,0,1,1998,4,1,336000
0,43,3182,0,3,0,0,0,2007,2,1,159895
0,0,11250,0,3,0,0,1,2002,4,1,255900
0,75,10125,0,3,0,0,2,1977,4,2,126000
0,68,10880,0,3,0,0,0,1950,3,1,125000
1,59,5310,0,3,0,0,2,1910,2,1,117000
0,83,10159,0,3,1,0,0,2009,3,1,395192
0,0,12046,0,3,1,0,1,1976,4,1,195000
3,65,8125,0,3,0,0,1,2006,3,1,197000
0,82,9452,0,3,0,0,1,1997,3,1,348000
1,121,17671,0,1,0,0,1,1882,4,1,168000
0,80,9760,0,3,0,0,1,1964,3,1,187000
0,68,8846,0,3,0,0,1,2005,3,1,173900
0,96,12456,0,3,0,0,0,2006,3,1,337500
0,51,4712,0,3,1,0,2,1946,3,1,121600
0,0,10659,0,3,1,0,0,1961,3,1,136500
0,0,11717,0,3,1,0,0,1970,2,1,185000
1,60,9786,0,3,0,0,0,1922,3,1,91000
0,64,6762,0,3,0,0,0,2006,2,1,206000
0,74,10206,0,3,0,0,0,1952,2,1,82000
0,60,5400,0,3,0,0,0,1920,2,1,86000
0,75,11957,0,3,1,0,0,2006,3,1,232000
0,0,11500,0,3,1,0,0,1976,4,2,136905
0,43,3182,0,3,0,0,0,2005,1,1,181000
0,65,8385,0,3,0,0,5,1977,3,1,149900
0,0,12155,0,3,3,0,0,1970,3,1,163500
1,21,2217,0,3,0,0,1,1970,3,1,88000
0,43,12118,0,3,1,0,0,2004,3,1,240000
0,60,6000,0,3,0,0,2,1926,4,1,102000
0,115,21286,0,3,0,0,2,1948,4,1,135000
0,75,9825,0,3,0,0,0,1965,4,2,100000
0,55,10592,0,3,0,0,1,1923,3,1,165000
1,60,7200,0,3,0,0,0,1910,2,1,85000
0,60,11664,0,3,0,0,0,1948,2,1,119200
0,70,8400,0,3,0,0,1,2001,3,1,227000
0,73,11883,0,3,0,0,0,1996,3,1,203000
0,0,5814,0,3,1,0,0,1984,1,1,187500
0,0,10784,0,3,1,0,5,1991,3,1,160000
0,43,3013,0,3,0,0,0,2005,2,1,213490
0,60,7024,0,3,0,0,0,2005,2,1,176000
0,64,7406,0,3,0,0,0,2006,2,1,194000
1,52,9439,0,3,0,0,2,1930,2,1,87000
0,43,3182,0,3,0,0,0,2005,2,1,191000
0,0,15498,0,3,1,0,0,1976,2,1,287000
0,70,7700,0,3,0,0,0,1972,3,1,112500
0,73,9300,0,3,0,0,0,1960,3,1,167500
0,71,9520,0,3,1,0,0,2007,3,1,293077
0,79,9492,0,3,0,0,2,1941,3,1,105000
1,21,1680,0,3,0,0,1,1972,3,1,118000
4,0,7082,0,3,0,0,1,1916,5,2,160000
0,102,15863,0,3,0,0,7,1920,5,1,197000
0,0,14541,0,3,1,0,1,1993,5,1,310000
0,0,8125,0,3,0,0,0,2002,3,1,230000
0,50,6305,0,3,0,0,0,1938,2,1,119750
0,0,11500,0,3,1,0,0,1957,3,1,84000
0,89,12898,0,3,1,0,0,2007,2,1,315500
0,0,9240,0,3,0,0,1,2001,3,1,287000
1,21,1533,0,3,0,0,1,1970,3,1,97000
1,21,1477,0,3,0,0,4,1970,1,1,80000
0,88,13125,0,3,0,0,0,1957,3,1,155000
0,0,9130,0,3,0,0,1,1966,4,1,173000
0,34,5381,0,3,1,0,0,2005,1,1,196000
0,86,11839,0,3,0,0,1,1990,4,1,262280
0,80,9600,0,3,0,0,0,1981,4,1,278000
0,0,13680,0,3,1,0,0,1955,4,1,139600
0,85,16056,0,3,1,0,1,2005,4,1,556581
0,57,9245,0,3,2,0,0,1994,3,1,145000
0,100,21750,0,3,0,0,0,1960,3,1,115000
0,60,11100,0,3,0,0,0,1946,2,1,84900
0,73,8993,0,3,1,0,0,2007,3,1,176485
0,103,11175,0,3,1,0,0,2007,3,1,200141
0,100,9500,0,3,0,0,1,1964,4,1,165000
0,68,8562,0,3,0,0,0,1957,4,1,144500
0,90,11367,0,3,0,0,1,2002,3,1,255000
0,104,11361,0,3,0,0,0,1976,3,1,180000
0,43,7052,0,3,1,0,0,2005,2,1,185850
0,0,29959,0,3,2,0,1,1994,3,1,248000
0,96,11308,0,3,1,0,1,2008,3,1,335000
0,0,11275,0,3,1,0,2,1932,3,1,220000
0,41,4920,0,3,0,0,0,2001,2,1,213500
2,120,18000,1,3,0,0,0,1935,2,1,81000
1,85,13600,0,1,0,0,1,1900,5,2,90000
1,50,6000,0,3,0,0,0,1925,2,1,110500
0,0,11000,0,3,1,0,0,1966,3,1,154000
0,80,14000,0,3,0,0,1,1996,3,1,328000
0,59,7837,0,3,1,0,1,1993,3,1,178000
0,80,9760,0,3,0,0,1,1964,4,1,167900
1,42,3964,0,3,0,0,1,1973,5,1,151400
0,60,9600,0,3,0,0,3,1949,2,1,135000
0,72,10152,0,3,0,0,0,1956,3,1,135000
0,78,11700,0,3,0,0,1,1968,4,1,154000
0,50,7585,0,3,0,0,2,1948,4,1,91500
0,75,7950,0,3,1,0,1,1977,3,1,159500
0,74,8556,0,3,0,0,0,2006,2,1,194000
0,75,13125,0,3,0,0,1,1940,3,1,219500
0,60,10800,0,1,0,0,2,1936,3,1,170000
0,0,15870,0,3,1,0,0,1969,3,1,138800
1,37,4435,0,3,0,0,0,2004,1,1,155900
0,65,8775,0,3,0,0,0,1994,3,1,126000
0,80,11040,0,3,0,0,0,1971,3,1,145000
0,75,7500,0,3,0,0,0,1963,3,1,133000
0,70,8749,0,3,0,0,0,2002,3,1,192000
0,80,8800,0,3,0,0,0,1964,3,1,160000
0,0,13031,0,3,2,0,1,1995,3,1,187500
0,73,9069,0,3,0,0,4,1992,2,1,147000
1,0,1974,0,3,0,0,1,1973,3,1,83500
3,85,10574,0,3,0,0,1,2005,3,1,252000
1,24,2522,0,3,0,0,1,2004,3,1,137500
3,37,3316,0,0,1,0,0,2005,1,1,197000
0,60,8544,0,3,0,0,0,1950,2,2,92900
3,24,2160,0,0,0,0,1,1999,2,1,160000
0,60,8400,0,3,0,0,2,1925,4,1,136500
0,71,9230,0,3,0,0,0,1965,1,1,146000
0,74,5868,0,3,0,0,0,1956,2,1,129000
0,78,9317,0,3,1,0,0,2006,3,1,176432
1,60,6882,0,3,0,0,1,1914,3,1,127000
0,0,3696,0,3,0,0,0,1986,2,1,170000
1,50,6000,0,3,0,0,2,1936,3,1,128000
0,82,11880,0,3,1,0,0,1978,3,1,157000
0,60,8400,0,3,0,0,0,1920,1,1,60000
0,61,9758,0,3,1,0,0,1971,3,1,119500
0,70,7000,0,3,0,0,0,1960,2,1,135000
0,79,8910,0,3,0,0,0,1959,3,1,159500
1,24,2016,0,3,0,0,1,1970,3,1,106000
0,98,12256,0,3,1,0,1,1994,3,1,325000
0,114,10357,0,3,1,0,0,1990,3,1,179900
0,168,23257,0,3,3,0,1,2006,3,1,274725
0,0,8063,0,3,0,0,1,2000,3,1,181000
0,107,11362,0,3,1,0,0,2004,3,1,280000
0,0,8000,0,3,0,0,1,1995,3,1,188000
0,80,10480,0,3,0,0,1,1976,4,1,205000
0,73,7100,0,3,1,0,0,1957,2,1,129900
0,66,8923,0,3,0,0,0,1953,2,1,134500
0,90,5400,0,3,0,0,0,1954,2,1,117000
0,93,12085,0,3,0,0,0,2007,3,1,318000
0,0,7750,0,3,0,0,5,2002,3,1,184100
0,57,9764,0,3,1,0,0,1967,3,1,130000
0,85,13825,0,3,0,0,5,1958,3,1,140000
0,70,7560,0,3,0,0,0,1959,3,1,133700
1,59,8263,0,3,0,0,0,1920,2,1,118400
0,84,10084,0,3,0,0,0,2005,3,1,212900
0,0,8926,0,3,1,0,0,1956,3,1,112000
0,50,9405,0,3,0,0,0,1947,2,1,118000
0,0,9125,0,3,1,0,5,1992,3,1,163900
0,60,10434,0,3,0,0,0,1955,2,1,115000
0,53,3684,0,3,0,0,0,2007,2,1,174000
0,182,14572,0,3,3,0,0,2004,3,1,259000
0,59,11796,0,3,1,0,1,2004,4,1,215000
1,60,7200,0,1,0,0,4,1980,2,1,140000
0,65,7804,0,3,0,0,2,1928,4,1,135000
0,63,10712,0,3,0,0,0,1991,3,1,93500
1,90,9900,0,3,0,0,1,1880,5,1,117500
0,80,9828,0,3,1,0,1,1995,3,1,239500
0,57,8773,0,3,1,0,1,1997,3,1,169000
1,60,6180,0,3,0,0,0,1926,2,1,102000
0,80,9600,0,3,0,0,2,1950,3,1,119000
0,54,6342,0,3,0,0,2,1875,2,1,94000
0,0,9819,0,3,1,0,0,1977,2,1,196000
0,98,8731,0,3,1,0,0,1920,3,1,144000
0,60,7350,0,3,0,0,0,1951,2,1,139000
0,0,10304,0,3,1,0,1,1976,4,1,197500
0,77,9965,0,3,0,0,1,2006,4,1,424870
0,0,9000,0,3,0,0,0,1959,3,1,80000
0,60,12180,0,3,0,0,2,1941,2,1,80000
1,52,6240,0,3,0,0,2,1928,3,1,149000
0,0,11200,0,3,0,0,0,1985,3,1,180000
0,75,12000,0,3,0,0,1,1941,3,1,174500
1,0,5700,0,3,0,0,2,1926,2,1,116900
1,50,9000,0,3,0,0,1,1920,3,1,143000
0,57,8280,0,3,1,0,0,1950,2,1,124000
0,134,17755,0,3,0,0,0,1959,3,1,149900
0,90,14115,0,3,1,0,0,1956,2,1,230000
1,0,5890,0,3,0,0,0,1930,2,1,120500
0,0,13700,0,3,1,0,1,1965,4,1,201800
0,90,10768,0,3,1,0,0,1976,3,1,218000
0,85,9350,0,3,0,0,5,1965,3,1,179900
0,34,5001,0,3,1,0,0,2007,2,1,230000
0,92,11932,0,3,0,0,0,2007,3,1,235128
0,76,9120,0,3,0,0,1,1974,4,1,185000
0,24,2280,0,3,0,0,1,1978,3,1,146000
0,0,14778,0,3,1,0,0,1954,3,1,224000
0,109,8724,0,3,0,0,0,1968,3,1,129000
0,60,12900,0,3,0,0,4,1969,0,2,108959
0,0,16157,0,3,1,0,5,1978,2,1,194000
0,79,9541,0,3,1,0,0,2009,3,1,233170
0,64,10475,0,3,1,0,0,2008,3,1,245350
0,58,10852,0,3,1,0,1,2000,3,1,173000
0,120,13728,0,3,0,0,1,1935,4,1,235000
0,118,35760,0,3,1,0,1,1995,4,1,625000
0,76,9880,0,3,0,0,5,1977,3,1,171000
0,76,9120,0,3,0,0,0,1958,3,1,163000
3,35,4017,0,0,1,0,1,2006,2,1,171900
0,138,18030,0,3,1,0,2,1946,3,1,200500
0,80,16560,0,3,1,0,1,1932,4,1,239000
0,85,10678,0,3,0,0,2,1992,4,1,285000
0,37,6951,0,3,1,0,0,1984,3,1,119500
1,0,3950,0,1,0,0,2,1926,3,1,115000
0,54,7681,0,3,1,0,2,1921,3,1,154900
0,77,8335,0,3,0,0,0,1954,3,1,93000
0,0,11170,0,3,2,0,1,1990,4,1,250000
1,64,5587,0,3,1,0,0,2008,2,1,392500
0,160,15623,0,3,1,0,1,1996,4,1,745000
0,60,10800,0,1,0,0,0,1920,2,1,120000
0,50,35133,1,3,0,0,0,1963,3,1,186700
0,60,9738,0,3,0,0,2,1924,4,1,104900
0,107,10615,0,3,1,0,1,1900,3,2,95000
0,89,12461,0,3,0,0,0,1994,2,1,262000
0,68,8935,0,3,1,0,1,2002,3,1,195000
0,60,7500,0,3,0,0,1,1999,3,1,189000
0,0,32463,0,3,0,0,0,1961,3,1,168000
3,24,2645,0,0,0,0,1,1999,2,1,174000
1,60,9600,0,1,0,0,2,1925,3,1,125000
1,0,4500,0,3,0,0,0,1999,2,1,165000
0,80,9364,0,3,0,0,1,1969,4,1,158000
0,51,8029,0,3,1,0,1,2005,3,1,176000
0,58,14054,0,3,1,0,1,2006,4,1,219210
1,65,8850,0,3,1,0,6,1916,3,1,144000
0,70,9100,0,3,0,0,0,2001,3,1,178000
0,75,11235,0,3,0,0,0,1963,3,1,148000
0,71,9353,0,3,0,0,0,1970,3,1,116050
0,80,10400,0,3,0,0,1,1998,3,1,197900
1,50,6000,0,3,0,0,2,1925,3,1,117000
0,75,9750,0,3,0,0,0,2000,3,1,213000
0,78,10140,0,3,0,0,0,1975,3,1,153500
0,90,14684,0,3,1,0,0,1990,3,1,271900
4,0,8900,0,3,0,0,0,1966,2,1,107000
0,70,9135,0,3,0,0,0,2003,3,1,200000
0,70,7763,0,3,0,0,0,1962,3,1,140000
0,85,10182,0,3,1,0,0,2006,3,1,290000
0,70,11218,0,3,0,0,1,1992,3,1,189000
0,152,12134,0,3,1,0,2,1988,4,1,164000
0,50,9340,0,3,0,0,0,1941,2,1,113000
0,0,10246,0,3,1,0,5,1965,0,1,145000
0,69,10205,0,3,1,0,4,1962,3,1,134500
0,99,7094,0,3,1,0,0,1966,3,1,125000
1,68,8930,0,3,0,0,2,1978,4,2,112000
3,72,8640,0,3,0,0,0,2009,3,1,229456
1,52,6240,0,3,0,0,2,1947,2,1,80500
1,21,1680,0,3,0,0,1,1971,3,1,91500
0,66,7800,0,3,1,0,0,1964,2,1,115000
0,55,8250,0,3,0,0,0,1968,3,1,134000
0,78,10496,0,3,0,0,2,1949,3,1,143000
0,89,10680,0,3,0,0,0,1951,4,1,137900
0,60,15384,0,3,1,0,1,2004,3,1,184000
0,65,10482,0,3,0,0,5,1958,3,1,145000
0,86,14598,0,3,1,0,1,2007,4,1,214000
0,72,8872,0,3,0,0,0,1965,2,1,147000
0,65,8769,0,3,0,0,0,2008,1,1,367294
0,70,7910,0,3,0,0,5,1960,4,1,127000
0,0,18890,0,3,1,0,2,1977,4,2,190000
0,70,7728,0,3,0,0,5,1962,3,1,132500
0,70,9842,0,3,0,0,0,1962,2,2,101800
0,0,12160,0,3,1,0,0,1959,3,1,142000
4,55,8525,0,3,0,0,1,1911,4,1,130000
0,96,13132,0,3,0,0,1,1914,4,1,138887
0,36,2628,0,3,0,0,1,2003,2,1,175500
0,41,12393,0,3,2,0,1,2004,4,1,195000
0,63,13072,0,3,0,0,0,2005,3,1,142500
0,64,9037,0,3,1,0,0,2006,2,1,265900
0,65,8158,0,3,0,0,1,2003,3,1,224900
0,83,9849,0,3,0,0,0,2007,3,1,248328
0,85,10625,0,3,0,0,4,1974,3,1,170000
0,107,13891,0,3,0,0,0,2006,2,1,465000
0,0,11435,0,3,1,0,1,1929,3,1,230000
0,78,12090,0,3,0,0,5,1984,3,1,178000
3,65,8125,0,3,0,0,1,2005,3,1,186500
0,0,12328,0,3,1,0,5,1976,3,1,169900
1,60,9600,0,1,0,0,6,1917,3,1,129500
0,60,7200,0,3,0,0,0,1950,3,1,119000
0,93,11160,0,3,0,0,0,1968,3,1,244000
0,0,3136,0,3,1,0,0,2003,2,1,171750
0,62,9858,0,3,0,0,0,1968,3,1,130000
0,0,17542,0,3,1,0,1,1974,3,1,294000
0,60,6931,0,3,0,0,1,2003,3,1,165400
1,52,6240,0,3,0,0,2,1931,3,1,127500
0,91,14303,0,3,1,0,0,1994,2,1,301500
0,56,4060,0,3,0,0,0,1922,2,1,99900
0,59,9587,0,3,1,0,5,2005,2,1,190000
0,65,9750,0,3,0,0,0,1969,3,1,151000
0,0,24682,0,3,3,0,1,1999,3,1,181000
0,80,9600,0,3,0,0,0,1956,2,1,128900
0,0,11250,0,3,0,0,2,1957,5,1,161500
0,60,13515,0,0,0,0,1,1919,3,1,180500
4,34,4060,0,3,0,0,0,1998,2,1,181000
3,35,3735,0,3,0,0,1,1999,3,1,183900
1,60,10120,0,3,1,0,6,1910,4,2,122000
0,89,13214,0,3,1,0,0,2008,3,1,378500
0,0,14100,0,3,1,0,2,1935,4,1,381000
0,78,11344,0,3,0,0,2,1958,3,1,144000
0,0,23595,0,3,0,0,0,1979,0,1,260000
0,0,9156,0,3,1,0,0,1968,3,1,185750
0,0,13526,0,3,1,0,0,1965,3,1,137000
0,124,11512,0,3,1,0,5,1959,2,1,177000
0,53,5362,0,3,0,0,2,1910,3,1,139000
0,95,11345,0,3,0,0,1,1948,4,2,137000
0,0,12936,0,3,1,0,1,1972,3,1,162000
0,0,17871,0,3,1,0,5,1967,3,1,197900
0,75,9473,0,3,0,0,1,2002,3,1,237000
2,60,7500,0,3,0,0,2,1920,2,1,68400
0,67,9808,0,3,1,0,0,2002,3,1,227000
0,50,8049,0,3,1,0,0,1990,2,1,180000
0,61,8800,0,3,1,0,0,1977,3,1,150500
0,94,9400,0,3,0,0,1,1971,4,2,139000
0,50,9638,0,3,0,0,2,1919,4,1,169000
1,50,6000,0,3,0,0,2,1939,4,1,132500
0,0,9790,0,3,0,0,0,1963,3,1,143000
0,0,36500,0,3,1,0,0,1964,4,1,190000
0,40,5664,0,3,1,0,0,2000,2,1,278000
0,86,11065,0,3,1,0,1,2006,3,1,281000
0,0,14112,0,3,1,0,5,1964,3,1,180500
1,21,1680,0,3,0,0,1,1972,3,1,119500
1,60,6600,0,3,0,0,1,1892,4,2,107500
0,78,10140,0,3,0,0,1,1976,4,1,162900
0,60,8172,0,3,0,0,0,1955,2,1,115000
0,70,8400,0,3,0,0,0,1968,3,1,138500
0,80,8700,0,3,0,0,0,1963,3,1,155000
1,35,3675,0,3,0,0,4,2005,2,1,140000
0,313,63887,0,3,3,0,1,2008,3,1,160000
0,75,7500,0,3,0,0,0,1959,3,1,154000
0,0,10762,0,3,1,0,1,1999,3,1,225000
0,0,7500,0,3,1,0,1,1942,3,1,177500
0,92,10120,0,3,0,0,1,1994,4,1,290000
0,73,8688,0,3,0,0,0,2005,3,1,232000
1,32,3363,0,3,0,0,1,2004,3,1,130000
0,108,13173,0,3,1,0,0,2006,2,1,325000
0,48,6955,0,3,1,0,0,2005,2,1,202500
0,60,8072,0,3,0,0,0,1994,3,1,138000
1,100,12000,0,3,0,0,0,1948,2,1,147000
0,0,7153,0,3,0,0,0,1991,3,1,179200
0,100,17500,0,3,0,0,0,1959,3,1,335000
0,68,8814,0,3,0,0,0,2005,3,1,203000
0,0,9572,0,3,1,0,1,1990,4,1,302000
0,108,14774,0,3,1,0,1,1999,4,1,333168
0,60,8190,0,3,0,0,0,1954,3,1,119000
0,85,11075,0,3,0,0,1,1969,4,1,206900
0,61,10226,0,3,1,0,0,2008,3,1,295493
3,47,4230,0,0,0,0,0,2006,2,1,208900
0,0,14781,0,3,2,0,0,2001,3,1,275000
0,75,10215,0,3,0,0,0,1954,3,1,111000
0,70,8400,0,3,0,0,0,1957,3,1,156500
0,0,6627,0,3,1,0,0,1949,2,1,72500
0,107,10186,0,3,1,0,1,1992,3,1,190000
0,50,5330,0,3,0,0,0,1940,2,1,82500
0,75,9986,0,3,0,0,0,2006,2,1,147000
1,40,3636,0,3,0,0,0,1922,2,1,55000
4,70,4270,0,3,0,0,0,1931,3,1,79000
0,60,6600,0,3,0,0,0,1982,3,1,130500
1,60,10440,0,1,0,0,2,1920,5,1,256000
0,63,9084,0,3,1,0,1,1998,3,1,176500
0,85,10000,0,3,0,0,0,2006,3,1,227000
0,55,10780,0,3,1,0,5,1976,3,1,132500
0,67,8877,0,3,0,0,0,1938,2,1,100000
1,60,7200,0,3,0,0,2,1938,2,1,125500
1,24,2368,0,3,0,0,1,1970,3,1,125000
0,80,9650,0,3,0,0,0,1977,2,1,167900
0,87,9246,0,3,1,0,0,1973,4,2,135000
1,153,4118,0,1,1,0,0,1941,2,1,52500
0,95,13450,0,3,1,0,1,2002,3,1,200000
0,120,9560,0,3,1,0,0,1972,3,1,128500
0,70,8294,0,3,0,0,0,1971,3,1,123000
0,66,13695,0,3,0,0,0,2003,3,1,155000
0,0,9375,0,3,0,0,1,2002,3,1,228500
0,57,7558,0,3,0,0,2,1928,3,1,177000
0,85,11103,0,3,1,0,1,2006,3,1,155835
1,50,6000,0,3,0,0,0,1920,2,1,108500
0,0,20781,0,3,2,0,0,1968,3,1,262500
0,93,15306,0,3,1,0,0,2006,3,1,283463
0,0,16196,0,3,3,0,0,1998,3,1,215000
1,50,5250,0,0,0,0,1,1872,4,1,122000
0,91,11643,0,3,0,0,1,1969,6,2,200000
0,70,9247,0,3,1,0,1,1962,4,1,171000
1,50,6000,0,3,0,0,2,1937,2,1,134900
0,56,14720,0,3,1,0,2,1995,4,1,410000
0,0,10316,0,3,1,0,1,2000,3,1,235000
0,102,10192,0,3,1,0,5,1968,4,1,170000
0,0,9477,0,3,0,0,0,1966,3,1,110000
0,0,12537,0,3,1,0,0,1971,3,1,149900
3,0,2117,0,3,0,0,1,2000,3,1,177500
0,129,16737,0,3,0,0,0,2004,3,1,315000
0,51,9842,0,3,0,0,1,1921,4,1,189000
0,124,16158,0,3,1,0,0,2005,3,1,260000
0,0,12513,0,3,1,0,2,1920,4,1,104900
0,73,8499,0,3,1,0,1,2006,3,1,156932
3,30,3180,0,0,0,0,1,2005,2,1,144152
3,0,7500,0,3,0,0,1,2000,3,1,216000
0,68,9179,0,3,1,0,1,1999,3,1,193000
1,41,2665,0,3,0,0,1,1977,4,1,127000
1,0,4435,0,3,0,0,0,2003,1,1,144000
0,48,10635,0,3,2,0,0,2003,3,1,232000
0,90,5400,0,3,0,0,2,1920,2,1,105000
0,80,9600,0,3,0,0,5,1955,3,1,165500
0,75,9750,0,3,0,0,1,1998,3,1,274300
0,0,11400,0,3,0,0,0,2001,2,1,466500
3,85,10625,0,3,0,0,1,2005,3,1,250000
0,89,10991,0,3,1,0,0,2007,3,1,239000
0,52,6292,0,3,0,0,0,1930,2,1,91000
0,60,10998,0,1,0,0,2,1941,3,1,117000
1,21,1953,0,3,0,0,1,1973,2,1,83000
0,73,9735,0,3,0,0,5,2006,3,1,167500
0,45,8212,0,1,0,0,0,1914,2,1,58500
0,0,12925,0,3,1,0,0,1970,4,1,237500
1,60,7200,0,3,0,0,1,1920,4,1,157000
0,0,25339,0,3,0,0,0,1918,3,1,112000
0,60,9060,0,3,0,0,2,1939,2,1,105000
1,40,5436,0,3,0,0,2,1922,3,1,125500
0,80,16692,0,3,1,0,1,1978,5,1,250000
1,60,8520,0,1,0,0,2,1916,5,1,136000
0,42,14892,0,3,1,0,0,2006,3,1,377500
1,60,6000,0,3,0,0,2,1941,3,1,131000
0,70,9100,0,3,0,0,0,2000,3,1,235000
0,65,8944,0,3,0,0,0,1967,4,2,124000
0,68,7838,0,3,0,0,4,1967,3,1,123000
1,60,10800,0,0,0,0,2,1905,3,2,163000
0,53,4045,0,3,0,0,0,2006,2,1,246578
0,88,12665,0,3,1,0,1,2005,4,1,281213
0,0,57200,0,3,1,0,0,1948,3,1,160000
1,51,6120,0,3,0,0,1,1920,4,1,137500
0,60,7200,0,3,0,0,2,1950,3,1,138000
0,51,6171,0,3,0,0,2,1925,3,1,137450
1,50,6000,0,3,0,0,2,1929,3,1,120000
0,62,7415,0,3,1,0,1,2004,3,1,193000
0,64,6762,0,3,0,0,0,2006,2,1,193879
0,49,15256,0,3,1,0,0,2007,3,1,282922
0,60,10410,0,1,0,0,2,1915,3,1,105000
1,44,3842,0,3,1,0,0,2004,2,1,275000
0,70,8445,0,3,0,0,4,1972,2,1,133000
0,0,8780,0,3,1,0,0,1985,3,1,112000
1,60,7740,0,3,0,0,1,1910,3,1,125500
0,46,20544,0,3,1,0,1,1986,3,1,215000
0,79,12420,0,3,0,0,1,2001,3,1,230000
0,80,9600,0,3,0,0,2,1950,3,1,140000
0,60,7200,0,3,0,0,0,1949,2,2,90000
0,88,10994,0,3,1,0,0,2005,2,1,257000
0,64,13053,0,0,0,0,2,1923,4,1,207000
0,51,3635,0,3,0,0,0,2007,1,1,175900
1,60,11340,0,3,0,0,1,1885,4,2,122500
0,0,16545,0,3,1,0,1,1998,3,1,340000
0,71,9204,0,3,0,0,0,1963,3,1,124000
0,0,16381,0,3,1,0,0,1969,3,1,223000
0,90,11700,0,3,0,0,1,1968,3,1,179900
0,53,4043,0,3,0,0,0,1977,2,1,127500
1,37,4435,0,3,0,0,0,2003,1,1,136500
0,0,19690,0,3,1,0,5,1966,4,1,274970
0,0,9503,0,3,0,0,0,1958,2,1,144000
0,80,10721,0,3,1,0,0,1959,3,1,142000
0,81,10944,0,3,1,0,1,1994,3,1,271000
0,60,10930,0,1,0,0,2,1945,3,1,140000
1,60,7200,0,3,0,0,0,1940,2,1,119000
0,0,12546,0,3,1,0,0,1981,3,1,182900
0,60,21930,0,3,3,0,1,2005,4,1,192140
0,0,4928,0,3,1,0,0,1976,2,1,143750
0,60,10800,0,1,0,0,0,1927,4,1,64500
0,93,10261,0,3,1,0,1,2000,3,1,186500
0,80,17400,0,3,0,0,0,1977,3,1,160000
0,80,8400,0,3,0,0,0,1962,3,1,174000
0,60,9000,0,3,0,0,0,1971,3,1,120500
0,96,12444,0,3,0,0,0,2008,2,1,394617
1,90,7407,0,3,0,0,0,1957,2,1,149700
0,80,11584,0,3,0,0,5,1979,3,1,197000
0,79,11526,0,3,1,0,7,1922,3,1,191000
1,0,4426,0,3,0,0,0,2004,1,1,149300
3,85,11003,0,3,0,0,1,2008,3,1,310000
0,0,8854,0,3,0,0,3,1916,2,1,121000
0,63,8500,0,3,0,0,0,2004,3,1,179600
0,70,8400,0,3,0,0,4,1966,3,1,129000
0,0,26142,0,3,1,0,0,1962,3,1,157900
0,80,10000,0,3,0,0,1,1995,3,1,240000
0,70,11767,0,3,0,0,1,1910,2,1,112000
1,21,1533,0,3,0,0,4,1970,1,1,92000
0,60,9000,0,3,0,0,1,1974,4,2,136000
0,78,9262,0,3,0,0,0,2008,3,1,287090
1,35,3675,0,3,0,0,5,2005,2,1,145000
0,90,17217,0,3,0,0,0,2006,3,1,84500
3,62,7500,0,0,0,0,0,2004,2,1,185000
0,62,7917,0,3,0,0,1,1999,3,1,175000
0,85,13175,0,3,0,0,0,1978,3,1,210000
0,66,9042,0,3,0,0,1,1941,4,1,266500
0,68,9717,0,3,0,0,0,1950,2,1,142125
0,75,9937,0,3,0,0,0,1965,3,1,147500
