Id,MSZoning,LotFrontage,LotArea,Street,Alley,LotShape,Utilities,HouseStyle,YearBuilt,BedroomAbvGr,KitchenAbvGr,SalePrice
1,RL,65,8450,Pave,NA,Reg,AllPub,2Story,2003,3,1,208500
2,RL,80,9600,Pave,NA,Reg,AllPub,1Story,1976,3,1,181500
3,RL,68,11250,Pave,NA,IR1,AllPub,2Story,2001,3,1,223500
4,RL,60,9550,Pave,NA,IR1,AllPub,2Story,1915,3,1,140000
5,RL,84,14260,Pave,NA,IR1,AllPub,2Story,2000,4,1,250000
6,RL,85,14115,Pave,NA,IR1,AllPub,1.5Fin,1993,1,1,143000
7,RL,75,10084,Pave,NA,Reg,AllPub,1Story,2004,3,1,307000
8,RL,NA,10382,Pave,NA,IR1,AllPub,2Story,1973,3,1,200000
9,RM,51,6120,Pave,NA,Reg,AllPub,1.5Fin,1931,2,2,129900
10,RL,50,7420,Pave,NA,Reg,AllPub,1.5Unf,1939,2,2,118000
11,RL,70,11200,Pave,NA,Reg,AllPub,1Story,1965,3,1,129500
12,RL,85,11924,Pave,NA,IR1,AllPub,2Story,2005,4,1,345000
13,RL,NA,12968,Pave,NA,IR2,AllPub,1Story,1962,2,1,144000
14,RL,91,10652,Pave,NA,IR1,AllPub,1Story,2006,3,1,279500
15,RL,NA,10920,Pave,NA,IR1,AllPub,1Story,1960,2,1,157000
16,RM,51,6120,Pave,NA,Reg,AllPub,1.5Unf,1929,2,1,132000
17,RL,NA,11241,Pave,NA,IR1,AllPub,1Story,1970,2,1,149000
18,RL,72,10791,Pave,NA,Reg,AllPub,1Story,1967,2,2,90000
19,RL,66,13695,Pave,NA,Reg,AllPub,1Story,2004,3,1,159000
20,RL,70,7560,Pave,NA,Reg,AllPub,1Story,1958,3,1,139000
21,RL,101,14215,Pave,NA,IR1,AllPub,2Story,2005,4,1,325300
22,RM,57,7449,Pave,Grvl,Reg,AllPub,1.5Unf,1930,3,1,139400
23,RL,75,9742,Pave,NA,Reg,AllPub,1Story,2002,3,1,230000
24,RM,44,4224,Pave,NA,Reg,AllPub,1Story,1976,3,1,129900
25,RL,NA,8246,Pave,NA,IR1,AllPub,1Story,1968,3,1,154000
26,RL,110,14230,Pave,NA,Reg,AllPub,1Story,2007,3,1,256300
27,RL,60,7200,Pave,NA,Reg,AllPub,1Story,1951,3,1,134800
28,RL,98,11478,Pave,NA,Reg,AllPub,1Story,2007,3,1,306000
29,RL,47,16321,Pave,NA,IR1,AllPub,1Story,1957,2,1,207500
30,RM,60,6324,Pave,NA,IR1,AllPub,1Story,1927,1,1,68500
31,C (all),50,8500,Pave,Pave,Reg,AllPub,2Story,1920,3,1,40000
32,RL,NA,8544,Pave,NA,IR1,AllPub,1Story,1966,3,1,149350
33,RL,85,11049,Pave,NA,Reg,AllPub,1Story,2007,3,1,179900
34,RL,70,10552,Pave,NA,IR1,AllPub,1Story,1959,4,1,165500
35,RL,60,7313,Pave,NA,Reg,AllPub,1Story,2005,2,1,277500
36,RL,108,13418,Pave,NA,Reg,AllPub,2Story,2004,4,1,309000
37,RL,112,10859,Pave,NA,Reg,AllPub,1Story,1994,3,1,145000
38,RL,74,8532,Pave,NA,Reg,AllPub,1Story,1954,3,1,153000
39,RL,68,7922,Pave,NA,Reg,AllPub,1Story,1953,3,1,109000
40,RL,65,6040,Pave,NA,Reg,AllPub,1Story,1955,2,2,82000
41,RL,84,8658,Pave,NA,Reg,AllPub,1Story,1965,3,1,160000
42,RL,115,16905,Pave,NA,Reg,AllPub,1Story,1959,2,1,170000
43,RL,NA,9180,Pave,NA,IR1,AllPub,SFoyer,1983,2,1,144000
44,RL,NA,9200,Pave,NA,IR1,AllPub,1Story,1975,3,1,130250
45,RL,70,7945,Pave,NA,Reg,AllPub,1Story,1959,3,1,141000
46,RL,61,7658,Pave,NA,Reg,AllPub,1Story,2005,2,1,319900
47,RL,48,12822,Pave,NA,IR1,AllPub,1.5Fin,2003,1,1,239686
48,FV,84,11096,Pave,NA,Reg,AllPub,1Story,2006,3,1,249700
49,RM,33,4456,Pave,NA,Reg,AllPub,2Story,1920,2,3,113000
50,RL,66,7742,Pave,NA,Reg,AllPub,1Story,1966,3,1,127000
51,RL,NA,13869,Pave,NA,IR2,AllPub,2Story,1997,3,1,177000
52,RM,52,6240,Pave,NA,Reg,AllPub,1.5Fin,1934,3,1,114500
53,RM,110,8472,Grvl,NA,IR2,AllPub,1Story,1963,2,1,110000
54,RL,68,50271,Pave,NA,IR1,AllPub,1Story,1981,0,1,385000
55,RL,60,7134,Pave,NA,Reg,AllPub,SLvl,1955,3,1,130000
56,RL,100,10175,Pave,NA,IR1,AllPub,1Story,1964,3,1,180500
57,FV,24,2645,Pave,Pave,Reg,AllPub,2Story,1999,3,1,172500
58,RL,89,11645,Pave,NA,IR1,AllPub,2Story,2004,3,1,196500
59,RL,66,13682,Pave,NA,IR2,AllPub,2Story,2006,3,1,438780
60,RL,60,7200,Pave,NA,Reg,AllPub,1Story,1972,2,1,124900
61,RL,63,13072,Pave,NA,Reg,AllPub,1Story,2004,3,1,158000
62,RM,60,7200,Pave,NA,Reg,AllPub,2.5Unf,1920,3,1,101000
63,RL,44,6442,Pave,NA,IR1,AllPub,1Story,2006,2,1,202500
64,RM,50,10300,Pave,NA,IR1,AllPub,2Story,1921,3,1,140000
65,RL,NA,9375,Pave,NA,Reg,AllPub,2Story,1997,3,1,219500
66,RL,76,9591,Pave,NA,Reg,AllPub,2Story,2004,4,1,317000
67,RL,NA,19900,Pave,NA,Reg,AllPub,1Story,1970,3,1,180000
68,RL,72,10665,Pave,NA,IR1,AllPub,1Story,2003,3,1,226000
69,RM,47,4608,Pave,NA,Reg,AllPub,1Story,1945,2,1,80000
70,RL,81,15593,Pave,NA,Reg,AllPub,1.5Fin,1953,3,1,225000
71,RL,95,13651,Pave,NA,IR1,AllPub,1Story,1973,3,1,244000
72,RL,69,7599,Pave,NA,Reg,AllPub,1Story,1982,2,1,129500
73,RL,74,10141,Pave,NA,IR1,AllPub,2Story,1998,3,1,185000
74,RL,85,10200,Pave,NA,Reg,AllPub,1Story,1954,3,1,144900
75,RM,60,5790,Pave,NA,Reg,AllPub,2Story,1915,3,2,107400
76,RM,21,1596,Pave,NA,Reg,AllPub,SLvl,1973,2,1,91000
77,RL,NA,8475,Pave,NA,IR1,AllPub,1Story,1956,2,1,135750
78,RM,50,8635,Pave,NA,Reg,AllPub,1.5Fin,1948,2,1,127000
79,RL,72,10778,Pave,NA,Reg,AllPub,1Story,1968,4,2,136500
80,RM,60,10440,Pave,Grvl,Reg,AllPub,2Story,1910,2,1,110000
81,RL,100,13000,Pave,NA,Reg,AllPub,2Story,1968,4,1,193500
82,RM,32,4500,Pave,NA,Reg,AllPub,1Story,1998,2,1,153500
83,RL,78,10206,Pave,NA,Reg,AllPub,1Story,2007,3,1,245000
84,RL,80,8892,Pave,NA,IR1,AllPub,1Story,1960,3,1,126500
85,RL,NA,8530,Pave,NA,IR1,AllPub,SLvl,1995,3,1,168500
86,RL,121,16059,Pave,NA,Reg,AllPub,2Story,1991,4,1,260000
87,RL,122,11911,Pave,NA,IR2,AllPub,2Story,2005,3,1,174000
88,FV,40,3951,Pave,Pave,Reg,AllPub,2Story,2009,2,1,164500
89,C (all),105,8470,Pave,NA,IR1,AllPub,1.5Fin,1915,2,1,85000
90,RL,60,8070,Pave,NA,Reg,AllPub,1Story,1994,3,1,123600
91,RL,60,7200,Pave,NA,Reg,AllPub,1Story,1950,2,1,109900
92,RL,85,8500,Pave,NA,Reg,AllPub,1Story,1961,2,1,98600
93,RL,80,13360,Pave,Grvl,IR1,AllPub,1Story,1921,2,1,163500
94,C (all),60,7200,Pave,NA,Reg,AllPub,2.5Unf,1910,4,2,133900
95,RL,69,9337,Pave,NA,IR1,AllPub,2Story,1997,3,1,204750
96,RL,NA,9765,Pave,NA,IR2,AllPub,2Story,1993,3,1,185000
97,RL,78,10264,Pave,NA,IR1,AllPub,1Story,1999,3,1,214000
98,RL,73,10921,Pave,NA,Reg,AllPub,1Story,1965,3,1,94750
99,RL,85,10625,Pave,NA,Reg,AllPub,1Story,1920,2,1,83000
100,RL,77,9320,Pave,NA,IR1,AllPub,1Story,1959,3,1,128950
101,RL,NA,10603,Pave,NA,IR1,AllPub,1Story,1977,3,1,205000
102,RL,77,9206,Pave,NA,Reg,AllPub,2Story,1985,3,1,178000
103,RL,64,7018,Pave,NA,Reg,AllPub,1Story,1979,4,2,118964
104,RL,94,10402,Pave,NA,IR1,AllPub,1Story,2009,3,1,198900
105,RM,NA,7758,Pave,NA,Reg,AllPub,1.5Fin,1931,4,1,169500
106,FV,75,9375,Pave,NA,Reg,AllPub,2Story,2003,3,1,250000
107,RM,60,10800,Pave,Grvl,Reg,AllPub,1Story,1885,2,1,100000
108,RM,50,6000,Pave,NA,Reg,AllPub,1Story,1948,2,1,115000
109,RM,85,8500,Pave,NA,Reg,AllPub,1.5Fin,1919,3,1,115000
110,RL,105,11751,Pave,NA,IR1,AllPub,1Story,1977,3,1,190000
111,RL,75,9525,Pave,NA,Reg,AllPub,1.5Fin,1954,4,1,136900
112,RL,NA,7750,Pave,NA,IR1,AllPub,SLvl,2000,3,1,180000
113,RL,77,9965,Pave,NA,Reg,AllPub,2Story,2007,4,1,383970
114,RL,NA,21000,Pave,NA,Reg,AllPub,1Story,1953,3,1,217000
115,RL,61,7259,Pave,NA,IR1,AllPub,2Story,1945,3,1,259500
116,FV,34,3230,Pave,Pave,Reg,AllPub,2Story,1999,2,1,176000
117,RL,NA,11616,Pave,NA,Reg,AllPub,1Story,1962,3,1,139000
118,RL,74,8536,Pave,NA,Reg,AllPub,1Story,2006,2,1,155000
119,RL,90,12376,Pave,NA,Reg,AllPub,2Story,1990,5,1,320000
120,RL,65,8461,Pave,NA,Reg,AllPub,2Story,2005,3,1,163990
121,RL,NA,21453,Pave,NA,IR1,AllPub,SLvl,1969,1,1,180000
122,RM,50,6060,Pave,NA,Reg,AllPub,1.5Fin,1939,3,1,100000
123,RL,75,9464,Pave,NA,Reg,AllPub,1Story,1958,3,1,136000
124,RL,55,7892,Pave,NA,Reg,AllPub,1Story,1993,2,1,153900
125,RL,48,17043,Pave,NA,IR1,AllPub,1Story,1979,3,1,181000
126,RM,60,6780,Pave,NA,Reg,AllPub,1.5Fin,1935,2,1,84500
127,RL,NA,4928,Pave,NA,IR1,AllPub,1Story,1976,2,1,128000
128,RM,55,4388,Pave,NA,IR1,AllPub,1.5Unf,1930,3,1,87000
129,RL,69,7590,Pave,NA,Reg,AllPub,2Story,1966,3,1,155000
130,RL,69,8973,Pave,NA,Reg,AllPub,1Story,1958,3,1,150000
131,RL,88,14200,Pave,NA,Reg,AllPub,2Story,1966,4,1,226000
132,RL,NA,12224,Pave,NA,IR1,AllPub,2Story,2000,3,1,244000
133,RL,75,7388,Pave,NA,Reg,AllPub,1Story,1959,3,1,150750
134,RL,NA,6853,Pave,NA,IR1,AllPub,1Story,2001,2,1,220000
135,RL,78,10335,Pave,NA,IR1,AllPub,1Story,1968,3,1,180000
136,RL,80,10400,Pave,NA,Reg,AllPub,1Story,1970,3,1,174000
137,RL,NA,10355,Pave,NA,IR1,AllPub,1Story,1967,3,1,143000
138,RL,82,11070,Pave,NA,Reg,AllPub,1Story,1988,5,2,171000
139,RL,73,9066,Pave,NA,IR1,AllPub,2Story,1999,3,1,230000
140,RL,65,15426,Pave,NA,IR1,AllPub,2Story,1997,3,1,231500
141,RL,70,10500,Pave,NA,Reg,AllPub,1Story,1971,3,1,115000
142,RL,78,11645,Pave,NA,Reg,AllPub,1Story,2005,3,1,260000
143,RL,71,8520,Pave,NA,Reg,AllPub,1.5Fin,1952,4,1,166000
144,RL,78,10335,Pave,NA,IR1,AllPub,1Story,1999,3,1,204000
145,RM,70,9100,Pave,NA,Reg,AllPub,1Story,1963,6,2,125000
146,RM,24,2522,Pave,NA,Reg,AllPub,2Story,2004,3,1,130000
147,RM,51,6120,Pave,NA,Reg,AllPub,1Story,1931,2,1,105000
148,RL,NA,9505,Pave,NA,IR1,AllPub,2Story,2001,3,1,222500
149,RL,63,7500,Pave,NA,Reg,AllPub,1Story,2004,3,1,141000
150,RM,NA,6240,Pave,NA,Reg,AllPub,1.5Fin,1936,3,1,115000
151,RL,120,10356,Pave,NA,Reg,AllPub,1Story,1975,3,1,122000
152,RL,107,13891,Pave,NA,Reg,AllPub,1Story,2007,2,1,372402
153,RL,NA,14803,Pave,NA,IR1,AllPub,2Story,1971,4,1,190000
154,RL,NA,13500,Pave,NA,Reg,AllPub,1Story,1960,1,1,235000
155,RM,84,11340,Pave,NA,Reg,AllPub,1Story,1923,4,1,125000
156,RL,60,9600,Pave,NA,Reg,AllPub,1.5Fin,1924,2,1,79000
157,RL,60,7200,Pave,NA,Reg,AllPub,1Story,1950,2,1,109500
158,RL,92,12003,Pave,NA,Reg,AllPub,2Story,2009,4,1,269500
159,FV,100,12552,Pave,NA,Reg,AllPub,2Story,2004,3,1,254900
160,RL,134,19378,Pave,NA,IR1,AllPub,2Story,2005,4,1,320000
161,RL,NA,11120,Pave,NA,IR1,AllPub,1Story,1984,3,1,162500
162,RL,110,13688,Pave,NA,IR1,AllPub,2Story,2003,3,1,412500
163,RL,95,12182,Pave,NA,Reg,AllPub,1Story,2005,3,1,220000
164,RL,55,5500,Pave,NA,Reg,AllPub,1.5Unf,1956,1,1,103200
165,RM,40,5400,Pave,Pave,Reg,AllPub,1Story,1926,3,1,152000
166,RL,62,10106,Pave,NA,Reg,AllPub,1.5Fin,1940,4,2,127500
167,RL,NA,10708,Pave,NA,IR1,AllPub,1Story,1955,2,1,190000
168,RL,86,10562,Pave,NA,Reg,AllPub,2Story,2007,3,1,325624
169,RL,62,8244,Pave,NA,IR1,AllPub,2Story,2004,3,1,183500
170,RL,NA,16669,Pave,NA,IR1,AllPub,1Story,1981,2,1,228000
171,RM,NA,12358,Pave,NA,IR1,AllPub,1.5Fin,1941,2,1,128500
172,RL,141,31770,Pave,NA,IR1,AllPub,1Story,1960,3,1,215000
173,RL,44,5306,Pave,NA,IR1,AllPub,2Story,1987,2,1,239000
174,RL,80,10197,Pave,NA,IR1,AllPub,1Story,1961,3,1,163000
175,RL,47,12416,Pave,NA,IR1,AllPub,1Story,1986,3,1,184000
176,RL,84,12615,Pave,NA,Reg,AllPub,1Story,1950,4,1,243000
177,RL,97,10029,Pave,NA,IR1,AllPub,2Story,1988,4,1,211000
178,RL,NA,13650,Pave,NA,Reg,AllPub,1.5Fin,1958,4,1,172500
179,RL,63,17423,Pave,NA,IR1,AllPub,1Story,2008,1,1,501837
180,RM,60,8520,Pave,NA,Reg,AllPub,1Story,1923,2,1,100000
181,FV,NA,2117,Pave,NA,Reg,AllPub,2Story,2000,3,1,177000
182,RL,54,7588,Pave,NA,Reg,AllPub,2Story,1920,4,1,200100
183,RL,60,9060,Pave,NA,Reg,AllPub,1Story,1957,3,1,120000
184,RM,63,11426,Pave,NA,Reg,AllPub,1.5Fin,2003,3,1,200000
185,RL,92,7438,Pave,NA,IR1,AllPub,1.5Fin,1908,3,1,127000
186,RM,90,22950,Pave,NA,IR2,AllPub,2.5Fin,1892,4,1,475000
187,RL,NA,9947,Pave,NA,IR1,AllPub,SLvl,1990,3,1,173000
188,RL,60,10410,Pave,NA,Reg,AllPub,1.5Fin,1916,3,1,135000
189,RL,64,7018,Pave,NA,Reg,AllPub,SFoyer,1979,2,2,153337
190,RL,41,4923,Pave,NA,Reg,AllPub,1Story,2001,0,1,286000
191,RL,70,10570,Pave,NA,Reg,AllPub,2Story,1932,3,1,315000
192,RL,NA,7472,Pave,NA,IR1,AllPub,2Story,1972,4,1,184000
193,RL,68,9017,Pave,NA,IR1,AllPub,1Story,1999,3,1,192000
194,RM,24,2522,Pave,NA,Reg,AllPub,2Story,2004,3,1,130000
195,RL,60,7180,Pave,NA,IR1,AllPub,1Story,1972,3,1,127000
196,RL,24,2280,Pave,NA,Reg,AllPub,2Story,1976,3,1,148500
197,RL,79,9416,Pave,NA,Reg,AllPub,1Story,2007,3,1,311872
198,RL,174,25419,Pave,NA,Reg,AllPub,2Story,1918,4,1,235000
199,RM,92,5520,Pave,NA,Reg,AllPub,2.5Fin,1912,5,1,104000
200,RL,76,9591,Pave,NA,Reg,AllPub,1Story,2004,3,1,274900
201,RM,80,8546,Pave,NA,Reg,AllPub,1Story,2003,2,1,140000
202,RL,75,10125,Pave,NA,Reg,AllPub,1Story,1977,3,1,171500
203,RL,50,7000,Pave,NA,Reg,AllPub,1.5Fin,1924,2,1,112000
204,RM,NA,4438,Pave,NA,Reg,AllPub,1Story,2004,1,1,149000
205,RM,50,3500,Pave,Grvl,Reg,AllPub,1.5Fin,1947,2,1,110000
206,RL,99,11851,Pave,NA,Reg,AllPub,1Story,1990,3,1,180500
207,RL,40,13673,Pave,NA,IR1,AllPub,1Story,1962,3,1,143900
208,RL,NA,12493,Pave,NA,IR1,AllPub,1Story,1960,3,1,141000
209,RL,NA,14364,Pave,NA,IR1,AllPub,2Story,1988,3,1,277000
210,RL,75,8250,Pave,NA,Reg,AllPub,1Story,1964,3,1,145000
211,RL,67,5604,Pave,NA,Reg,AllPub,1Story,1925,2,1,98000
212,RL,83,10420,Pave,NA,Reg,AllPub,1Story,2009,3,1,186000
213,FV,72,8640,Pave,NA,Reg,AllPub,2Story,2009,3,1,252678
214,RL,43,13568,Pave,NA,IR2,AllPub,1Story,1995,3,1,156000
215,RL,NA,10900,Pave,NA,IR1,AllPub,2Story,1977,3,1,161750
216,RL,72,10011,Pave,NA,IR1,AllPub,1Story,1957,2,1,134450
217,RL,65,8450,Pave,NA,Reg,AllPub,1Story,2004,3,1,210000
218,RM,57,9906,Pave,Grvl,Reg,AllPub,2Story,1925,3,1,107000
219,RL,NA,15660,Pave,NA,IR1,AllPub,1.5Fin,1939,3,1,311500
220,RL,43,3010,Pave,NA,Reg,AllPub,1Story,2005,2,1,167240
221,RL,73,8990,Pave,NA,IR1,AllPub,1Story,2006,2,1,204900
222,RL,NA,8068,Pave,NA,IR1,AllPub,2Story,2002,4,1,200000
223,RL,85,11475,Pave,NA,Reg,AllPub,2Story,1975,3,1,179900
224,RL,70,10500,Pave,NA,Reg,AllPub,1Story,1971,2,1,97000
225,RL,103,13472,Pave,NA,Reg,AllPub,1Story,2003,3,1,386250
226,RM,21,1680,Pave,NA,Reg,AllPub,2Story,1971,3,1,112000
227,RL,82,9950,Pave,NA,IR1,AllPub,2Story,1995,4,1,290000
228,RM,21,1869,Pave,NA,Reg,AllPub,2Story,1970,2,1,106000
229,RL,70,8521,Pave,NA,Reg,AllPub,1Story,1967,3,1,125000
230,RL,43,3182,Pave,NA,Reg,AllPub,1Story,2005,2,1,192500
231,RL,73,8760,Pave,NA,Reg,AllPub,1Story,1959,3,1,148000
232,RL,174,15138,Pave,NA,IR1,AllPub,2Story,1995,4,1,403000
233,RM,21,1680,Pave,NA,Reg,AllPub,2Story,1972,2,1,94500
234,RL,75,10650,Pave,NA,Reg,AllPub,1Story,1976,3,1,128200
235,RL,NA,7851,Pave,NA,Reg,AllPub,2Story,2002,4,1,216500
236,RM,21,1680,Pave,NA,Reg,AllPub,2Story,1971,2,1,89500
237,RL,65,8773,Pave,NA,Reg,AllPub,1Story,2004,3,1,185500
238,RL,NA,9453,Pave,NA,IR1,AllPub,2Story,1993,3,1,194500
239,RL,93,12030,Pave,NA,Reg,AllPub,1Story,2007,3,1,318000
240,RL,52,8741,Pave,NA,Reg,AllPub,1.5Fin,1945,3,1,113000
241,FV,75,9000,Pave,NA,Reg,AllPub,1Story,2008,3,1,262500
242,RM,40,3880,Pave,NA,Reg,AllPub,1Story,1945,2,1,110500
243,RM,63,5000,Pave,NA,Reg,AllPub,1.5Fin,1900,3,1,79000
244,RL,75,10762,Pave,NA,Reg,AllPub,2Story,1980,3,1,120000
245,RL,NA,8880,Pave,NA,IR1,AllPub,2Story,1994,3,1,205000
246,RL,80,10400,Pave,NA,Reg,AllPub,1Story,1988,3,1,241500
247,RM,69,9142,Pave,Grvl,Reg,AllPub,2Story,1910,4,2,137000
248,RL,75,11310,Pave,NA,Reg,AllPub,1Story,1954,2,1,140000
249,RL,72,11317,Pave,NA,Reg,AllPub,2Story,2003,3,1,180000
250,RL,NA,159000,Pave,NA,IR2,AllPub,1.5Fin,1958,4,1,277000
251,RL,55,5350,Pave,NA,IR1,AllPub,1Story,1940,3,1,76500
252,RM,44,4750,Pave,NA,IR1,AllPub,1Story,2006,2,1,235000
253,RL,65,8366,Pave,NA,IR1,AllPub,2Story,2004,3,1,173000
254,RL,85,9350,Pave,NA,Reg,AllPub,SLvl,1964,3,1,158000
255,RL,70,8400,Pave,NA,Reg,AllPub,1Story,1957,3,1,145000
256,RL,66,8738,Pave,NA,IR1,AllPub,2Story,1999,4,1,230000
257,FV,64,8791,Pave,NA,IR1,AllPub,2Story,2003,3,1,207500
258,RL,68,8814,Pave,NA,Reg,AllPub,1Story,2006,3,1,220000
259,RL,80,12435,Pave,NA,Reg,AllPub,2Story,2001,3,1,231500
260,RM,70,12702,Pave,NA,Reg,AllPub,1Story,1956,2,1,97000
261,RL,120,19296,Pave,NA,Reg,AllPub,SLvl,1962,3,1,176000
262,RL,69,9588,Pave,NA,IR1,AllPub,2Story,2007,3,1,276000
263,RL,88,8471,Pave,NA,IR1,AllPub,SLvl,1977,3,1,151000
264,RM,50,5500,Pave,NA,Reg,AllPub,1.5Fin,1929,3,1,130000
265,RM,30,5232,Pave,Grvl,IR3,AllPub,1Story,1925,2,1,73000
266,RL,78,12090,Pave,NA,IR1,AllPub,1Story,1981,3,1,175500
267,RL,70,11207,Pave,NA,IR1,AllPub,2Story,1997,3,1,185000
268,RL,60,8400,Pave,NA,Reg,AllPub,2.5Fin,1939,4,1,179500
269,RM,71,6900,Pave,NA,Reg,AllPub,1Story,1940,2,1,120500
270,RL,NA,7917,Pave,NA,IR1,AllPub,1Story,1976,3,1,148000
271,FV,84,10728,Pave,NA,Reg,AllPub,2Story,2006,3,1,266000
272,RL,73,39104,Pave,NA,IR1,AllPub,1Story,1954,2,1,241500
273,RL,92,11764,Pave,NA,IR1,AllPub,2Story,1999,4,1,290000
274,RL,80,9600,Pave,NA,Reg,AllPub,1Story,1958,3,1,139000
275,RL,76,8314,Pave,NA,Reg,AllPub,1Story,1982,2,1,124500
276,RL,55,7264,Pave,NA,Reg,AllPub,1.5Fin,1925,3,1,205000
277,RL,129,9196,Pave,NA,IR1,AllPub,1Story,2003,3,1,201000
278,RL,140,19138,Pave,NA,Reg,AllPub,1Story,1951,2,1,141000
279,RL,107,14450,Pave,NA,Reg,AllPub,1Story,2006,3,1,415298
280,RL,83,10005,Pave,NA,Reg,AllPub,2Story,1977,4,1,192000
281,RL,82,11287,Pave,NA,Reg,AllPub,2Story,1989,3,1,228500
282,FV,60,7200,Pave,Pave,Reg,AllPub,1Story,2006,2,1,185000
283,RL,34,5063,Pave,NA,Reg,AllPub,1Story,2007,2,1,207500
284,RL,74,9612,Pave,NA,Reg,AllPub,1Story,2008,3,1,244600
285,RL,50,8012,Pave,NA,Reg,AllPub,1Story,1992,2,1,179200
286,FV,35,4251,Pave,Pave,IR1,AllPub,2Story,2006,2,1,164700
287,RL,77,9786,Pave,NA,IR1,AllPub,1.5Fin,1962,3,1,159000
288,RL,NA,8125,Pave,NA,IR1,AllPub,1Story,1971,3,1,88000
289,RL,NA,9819,Pave,NA,IR1,AllPub,1Story,1967,3,1,122000
290,RL,60,8730,Pave,NA,Reg,AllPub,2Story,1915,3,1,153575
291,RL,120,15611,Pave,NA,Reg,AllPub,2Story,2006,3,1,233230
292,RL,55,5687,Pave,Grvl,Reg,AllPub,2Story,1912,6,1,135900
293,RL,60,11409,Pave,NA,Reg,AllPub,1.5Fin,1949,3,1,131000
294,RL,NA,16659,Pave,NA,IR1,AllPub,2Story,1977,3,1,235000
295,RL,80,9600,Pave,NA,Reg,AllPub,1Story,1953,3,1,167000
296,RL,37,7937,Pave,NA,IR1,AllPub,SLvl,1984,3,1,142500
297,RM,75,13710,Pave,NA,Reg,AllPub,1.5Fin,1950,4,1,152000
298,FV,66,7399,Pave,Pave,IR1,AllPub,2Story,1997,3,1,239000
299,RL,90,11700,Pave,NA,Reg,AllPub,2Story,1968,3,1,175000
300,RL,80,14000,Pave,NA,Reg,AllPub,1Story,1950,3,1,158500
301,RL,90,15750,Pave,NA,Reg,AllPub,1Story,1953,2,1,157000
302,RL,66,16226,Pave,NA,IR3,AllPub,2Story,1998,4,1,267000
303,RL,118,13704,Pave,NA,IR1,AllPub,1Story,2001,3,1,205000
304,RL,70,9800,Pave,NA,Reg,AllPub,1Story,1972,3,1,149900
305,RM,87,18386,Pave,NA,Reg,AllPub,2.5Fin,1880,3,1,295000
306,RL,80,10386,Pave,NA,Reg,AllPub,1Story,2004,3,1,305900
307,RL,116,13474,Pave,NA,Reg,AllPub,2Story,1990,4,1,225000
308,RM,NA,7920,Pave,Grvl,IR1,AllPub,1.5Fin,1920,3,1,89500
309,RL,NA,12342,Pave,NA,IR1,AllPub,1Story,1940,1,1,82500
310,RL,90,12378,Pave,NA,IR1,AllPub,1Story,2003,3,1,360000
311,RL,NA,7685,Pave,NA,IR1,AllPub,2Story,1993,3,1,165600
312,RL,50,8000,Pave,NA,Reg,AllPub,1Story,1948,2,1,132000
313,RM,65,7800,Pave,NA,Reg,AllPub,1.5Fin,1939,3,1,119900
314,RL,150,215245,Pave,NA,IR3,AllPub,1Story,1965,3,1,375000
315,RM,60,9600,Pave,Grvl,Reg,AllPub,2Story,1925,3,1,178000
316,RL,71,7795,Pave,NA,IR1,AllPub,2Story,2004,3,1,188500
317,RL,94,13005,Pave,NA,IR1,AllPub,2Story,1980,4,1,260000
318,FV,75,9000,Pave,NA,Reg,AllPub,2Story,2006,3,1,270000
319,RL,90,9900,Pave,NA,Reg,AllPub,2Story,1993,4,1,260000
320,RL,NA,14115,Pave,NA,Reg,AllPub,SLvl,1980,3,1,187500
321,RL,111,16259,Pave,NA,Reg,AllPub,2Story,2006,4,1,342643
322,RL,99,12099,Pave,NA,IR1,AllPub,2Story,2004,4,1,354000
323,RL,86,10380,Pave,NA,IR1,AllPub,2Story,1986,4,1,301000
324,RM,49,5820,Pave,NA,Reg,AllPub,1Story,1955,3,1,126175
325,RL,96,11275,Pave,NA,Reg,AllPub,SLvl,1967,5,1,242000
326,RM,50,5000,Pave,NA,Reg,AllPub,1.5Unf,1941,2,1,87000
327,RL,32,10846,Pave,NA,IR1,AllPub,1Story,1993,1,1,324000
328,RL,80,11600,Pave,NA,Reg,AllPub,1Story,1960,3,1,145250
329,RL,NA,11888,Pave,Pave,IR1,AllPub,2.5Unf,1916,5,1,214500
330,RM,60,6402,Pave,NA,Reg,AllPub,2Story,1920,3,1,78000
331,RL,NA,10624,Pave,NA,IR1,AllPub,1Story,1964,6,2,119000
332,RL,70,8176,Pave,NA,Reg,AllPub,1Story,1958,3,1,139000
333,RL,85,10655,Pave,NA,IR1,AllPub,1Story,2003,3,1,284000
334,RM,59,8198,Pave,NA,Reg,AllPub,1Story,2004,2,1,207000
335,RL,59,9042,Pave,NA,IR1,AllPub,2Story,1998,3,1,192000
336,RL,NA,164660,Grvl,NA,IR1,AllPub,1.5Fin,1965,3,1,228950
337,RL,86,14157,Pave,NA,IR1,AllPub,1Story,2005,3,1,377426
338,RL,70,9135,Pave,NA,Reg,AllPub,1Story,2002,3,1,214000
339,RL,91,14145,Pave,NA,Reg,AllPub,1Story,1984,3,1,202500
340,RL,66,12400,Pave,NA,IR1,AllPub,1Story,1958,3,1,155000
341,RL,85,14191,Pave,NA,Reg,AllPub,2Story,2002,4,1,202900
342,RH,60,8400,Pave,NA,Reg,AllPub,1Story,1950,2,1,82000
343,RL,NA,8544,Pave,NA,Reg,AllPub,1Story,1949,2,2,87500
344,RL,63,8849,Pave,NA,IR1,AllPub,1Story,2005,2,1,266000
345,RM,36,2592,Pave,NA,Reg,AllPub,2Story,1976,3,1,85000
346,RL,65,6435,Pave,NA,Reg,AllPub,1.5Fin,1939,3,1,140200
347,RL,NA,12772,Pave,NA,IR1,AllPub,1Story,1960,2,1,151500
348,RL,NA,17600,Pave,NA,IR1,AllPub,1Story,1960,3,1,157500
349,RL,36,2448,Pave,NA,Reg,AllPub,2Story,2003,2,1,154000
350,RL,56,20431,Pave,NA,IR2,AllPub,2Story,2005,4,1,437154
351,RL,68,7820,Pave,NA,IR1,AllPub,1Story,2007,2,1,318061
352,RL,NA,5271,Pave,NA,IR1,AllPub,1Story,1986,2,1,190000
353,RL,60,9084,Pave,NA,Reg,AllPub,1.5Fin,1941,3,1,95000
354,RM,60,8520,Pave,NA,Reg,AllPub,1Story,1928,2,1,105900
355,RL,60,8400,Pave,NA,Reg,AllPub,1.5Fin,1940,2,1,140000
356,RL,105,11249,Pave,NA,IR2,AllPub,1Story,1995,3,1,177500
357,RL,NA,9248,Pave,NA,IR1,AllPub,1Story,1992,3,1,173000
358,RM,44,4224,Pave,NA,Reg,AllPub,1Story,1976,3,1,134000
359,RL,92,6930,Pave,NA,IR1,AllPub,SLvl,1958,3,1,130000
360,RL,78,12011,Pave,NA,IR1,AllPub,2Story,1998,3,1,280000
361,RL,NA,7540,Pave,NA,IR1,AllPub,SFoyer,1978,2,1,156000
362,RL,NA,9144,Pave,Pave,Reg,AllPub,1.5Fin,1940,3,1,145000
363,RL,64,7301,Pave,NA,Reg,AllPub,SFoyer,2003,4,1,198500
364,RM,21,1680,Pave,NA,Reg,AllPub,2Story,1972,2,1,118000
365,RL,NA,18800,Pave,NA,IR1,AllPub,2Story,1976,3,1,190000
366,RM,59,10690,Pave,NA,Reg,AllPub,2Story,1920,3,1,147000
367,RL,NA,9500,Pave,NA,IR1,AllPub,1Story,1963,3,1,159000
368,RL,101,9150,Pave,NA,IR1,AllPub,SLvl,1962,3,1,165000
369,RL,78,7800,Pave,NA,Reg,AllPub,1Story,1954,2,1,132000
370,RL,NA,9830,Pave,NA,IR1,AllPub,1Story,1959,3,1,162000
371,RL,NA,8121,Pave,NA,IR1,AllPub,2Story,2000,3,1,172400
372,RL,80,17120,Pave,NA,Reg,AllPub,1.5Fin,1959,4,1,134432
373,RL,50,7175,Pave,NA,Reg,AllPub,1Story,1984,2,1,125000
374,RL,79,10634,Pave,NA,Reg,AllPub,1Story,1953,3,1,123000
375,RL,65,8200,Pave,NA,Reg,AllPub,2Story,2003,4,1,219500
376,RL,NA,10020,Pave,NA,IR1,AllPub,1Story,1922,1,1,61000
377,RL,57,8846,Pave,NA,IR1,AllPub,SFoyer,1996,2,1,148000
378,FV,102,11143,Pave,NA,IR1,AllPub,2Story,2004,4,1,340000
379,RL,88,11394,Pave,NA,Reg,AllPub,1Story,2010,1,1,394432
380,RL,60,8123,Pave,NA,IR1,AllPub,2Story,2000,3,1,179000
381,RL,50,5000,Pave,Pave,Reg,AllPub,1.5Fin,1924,3,1,127000
382,FV,60,7200,Pave,Pave,Reg,AllPub,1Story,2006,2,1,187750
383,RL,79,9245,Pave,NA,IR1,AllPub,2Story,2006,3,1,213500
384,RH,60,9000,Pave,NA,Reg,AllPub,1.5Unf,1928,2,1,76000
385,RL,NA,53107,Pave,NA,IR2,AllPub,2Story,1992,3,1,240000
386,RL,43,3182,Pave,NA,Reg,AllPub,1Story,2004,2,1,192000
387,RL,58,8410,Pave,NA,Reg,AllPub,1.5Fin,1910,5,1,81000
388,RL,72,7200,Pave,NA,Reg,AllPub,SLvl,1976,3,1,125000
389,RL,93,9382,Pave,NA,IR1,AllPub,1Story,1999,3,1,191000
390,RL,96,12474,Pave,NA,Reg,AllPub,2Story,2007,3,1,426000
391,RL,50,8405,Pave,Grvl,Reg,AllPub,1.5Fin,1900,4,1,119000
392,RL,71,12209,Pave,NA,IR1,AllPub,2Story,2001,3,1,215000
393,RL,NA,8339,Pave,NA,IR1,AllPub,1Story,1959,3,1,106500
394,RL,NA,7446,Pave,NA,Reg,AllPub,1Story,1941,2,1,100000
395,RL,60,10134,Pave,NA,Reg,AllPub,1.5Fin,1940,2,1,109000
396,RL,68,9571,Pave,NA,Reg,AllPub,1Story,1956,3,1,129000
397,RL,60,7200,Pave,NA,Reg,AllPub,1Story,1972,2,1,123000
398,RL,69,7590,Pave,NA,Reg,AllPub,2Story,1962,4,1,169500
399,RM,60,8967,Pave,NA,Reg,AllPub,1Story,1920,2,1,67000
400,FV,65,8125,Pave,NA,Reg,AllPub,2Story,2006,2,1,241000
401,RL,38,14963,Pave,NA,IR2,AllPub,1Story,1996,1,1,245500
402,RL,65,8767,Pave,NA,IR1,AllPub,1Story,2005,3,1,164990
403,RL,60,10200,Pave,NA,Reg,AllPub,1Story,1940,2,1,108000
404,RL,93,12090,Pave,NA,Reg,AllPub,2Story,1998,4,1,258000
405,RL,NA,10364,Pave,NA,IR1,AllPub,2Story,1995,3,1,168000
406,RL,NA,9991,Pave,NA,IR1,AllPub,1Story,1976,3,1,150000
407,RL,51,10480,Pave,NA,Reg,AllPub,1.5Fin,1936,3,1,115000
408,RL,63,15576,Pave,NA,Reg,AllPub,2Story,1915,4,1,177000
409,RL,109,14154,Pave,NA,Reg,AllPub,2Story,2006,3,1,280000
410,FV,85,10800,Pave,NA,Reg,AllPub,2Story,2007,3,1,339750
411,RL,68,9571,Pave,NA,Reg,AllPub,1Story,1958,3,1,60000
412,RL,100,34650,Pave,NA,Reg,AllPub,1Story,1955,3,1,145000
413,FV,NA,4403,Pave,NA,IR2,AllPub,1Story,2009,2,1,222000
414,RM,56,8960,Pave,Grvl,Reg,AllPub,1Story,1927,2,1,115000
415,RL,59,11228,Pave,NA,IR2,AllPub,2Story,1993,3,1,228000
416,RL,73,8899,Pave,NA,IR1,AllPub,1Story,2007,3,1,181134
417,RL,74,7844,Pave,NA,Reg,AllPub,2Story,1978,3,1,149500
418,RL,86,22420,Pave,NA,IR1,AllPub,2Story,1918,4,1,239000
419,RL,60,8160,Pave,NA,Reg,AllPub,1.5Fin,1940,3,1,126000
420,RL,65,8450,Pave,NA,Reg,AllPub,1Story,1968,3,1,142000
421,RM,78,7060,Pave,NA,Reg,AllPub,SFoyer,1997,2,2,206300
422,RL,NA,16635,Pave,NA,IR1,AllPub,1Story,1977,3,1,215000
423,RL,100,21750,Pave,NA,Reg,AllPub,1Story,1954,2,1,113000
424,RL,80,9200,Pave,NA,Reg,AllPub,2Story,1998,4,1,315000
425,RL,72,9000,Pave,NA,Reg,AllPub,1Story,1956,2,1,139000
426,RM,60,3378,Pave,Grvl,Reg,AllPub,2Story,1946,3,1,135000
427,RL,NA,12800,Pave,NA,Reg,AllPub,SLvl,1989,2,1,275000
428,RL,77,8593,Pave,NA,IR1,AllPub,1Story,1957,3,1,109008
429,RL,64,6762,Pave,NA,Reg,AllPub,1Story,2007,2,1,195400
430,RL,130,11457,Pave,NA,IR1,AllPub,1Story,1988,3,1,175000
431,RM,21,1680,Pave,NA,Reg,AllPub,2Story,1971,2,1,85400
432,RM,60,5586,Pave,NA,IR1,AllPub,1.5Fin,1920,4,1,79900
433,RM,24,1920,Pave,NA,Reg,AllPub,2Story,1971,2,1,122500
434,RL,100,10839,Pave,NA,IR1,AllPub,2Story,1997,3,1,181000
435,RM,21,1890,Pave,NA,Reg,AllPub,SFoyer,1972,1,1,81000
436,RL,43,10667,Pave,NA,IR2,AllPub,2Story,1996,3,1,212000
437,RM,40,4400,Pave,NA,Reg,AllPub,1.5Fin,1920,2,1,116000
438,RM,50,6000,Pave,NA,Reg,AllPub,1.5Unf,1926,2,1,119000
439,RL,40,4280,Pave,NA,Reg,AllPub,1Story,1913,2,1,90350
440,RL,67,12354,Pave,Grvl,Reg,AllPub,1.5Fin,1920,3,1,110000
441,RL,105,15431,Pave,NA,Reg,AllPub,1Story,2008,2,1,555000
442,RL,92,12108,Pave,NA,Reg,AllPub,1Story,1955,4,2,118000
443,RM,52,6240,Pave,NA,Reg,AllPub,1.5Fin,1930,3,1,162900
444,RL,53,3922,Pave,NA,Reg,AllPub,1Story,2006,2,1,172500
445,RL,70,8750,Pave,NA,Reg,AllPub,2Story,1994,4,1,210000
446,RL,73,9855,Pave,NA,Reg,AllPub,1Story,1956,3,1,127500
447,RL,137,16492,Pave,NA,IR1,AllPub,1Story,1966,2,1,190000
448,RL,NA,11214,Pave,NA,IR1,AllPub,2Story,1998,4,1,199900
449,RM,50,8600,Pave,NA,Reg,AllPub,1.5Fin,1937,3,1,119500
450,RM,50,6000,Pave,NA,Reg,AllPub,1.5Fin,1948,2,1,120000
451,RM,70,5684,Pave,NA,Reg,AllPub,1Story,1930,2,1,110000
452,RL,62,70761,Pave,NA,IR1,AllPub,1Story,1975,2,1,280000
453,RL,NA,9303,Pave,NA,IR1,AllPub,2Story,1996,3,1,204000
454,FV,75,9000,Pave,NA,Reg,AllPub,2Story,2008,3,1,210000
455,RL,63,9297,Pave,NA,Reg,AllPub,1Story,1976,4,2,188000
456,RL,80,9600,Pave,NA,Reg,AllPub,1Story,1973,3,1,175500
457,RM,34,4571,Pave,Grvl,Reg,AllPub,2Story,1916,4,1,98000
458,RL,NA,53227,Pave,NA,IR1,AllPub,1Story,1954,2,1,256000
459,RM,NA,5100,Pave,Grvl,Reg,AllPub,2Story,1925,3,1,161000
460,RL,NA,7015,Pave,NA,IR1,AllPub,1.5Fin,1950,3,1,110000
461,FV,75,8004,Pave,NA,IR1,AllPub,2Story,2009,3,1,263435
462,RL,60,7200,Pave,NA,Reg,AllPub,2Story,1936,3,1,155000
463,RL,60,8281,Pave,NA,IR1,AllPub,1Story,1965,3,1,62383
464,RL,74,11988,Pave,NA,IR1,AllPub,2Story,1934,3,1,188700
465,RL,60,8430,Pave,NA,Reg,AllPub,1Story,1978,3,1,124000
466,RM,NA,3072,Pave,NA,Reg,AllPub,1Story,2004,2,1,178740
467,RL,85,10628,Pave,NA,Reg,AllPub,1Story,1970,2,1,167000
468,RL,79,9480,Pave,NA,Reg,AllPub,2Story,1942,3,1,146500
469,RL,98,11428,Pave,NA,IR1,AllPub,1Story,2006,3,1,250000
470,RL,76,9291,Pave,NA,IR1,AllPub,2Story,1993,3,1,187000
471,RL,NA,6820,Pave,NA,IR1,AllPub,1Story,1985,1,1,212000
472,RL,92,11952,Pave,NA,Reg,AllPub,2Story,1977,3,1,190000
473,RM,35,3675,Pave,NA,Reg,AllPub,SLvl,2005,2,1,148000
474,RL,110,14977,Pave,NA,IR1,AllPub,1Story,2006,2,1,440000
475,RL,41,5330,Pave,NA,Reg,AllPub,1Story,2000,2,1,251000
476,RL,80,8480,Pave,NA,Reg,AllPub,1Story,1963,2,1,132500
477,RL,75,13125,Pave,NA,Reg,AllPub,1Story,1997,3,1,208900
478,RL,105,13693,Pave,NA,Reg,AllPub,2Story,2006,3,1,380000
479,RL,79,10637,Pave,NA,Reg,AllPub,1Story,2007,3,1,297000
480,RM,50,5925,Pave,NA,Reg,AllPub,1Story,1937,2,1,89471
481,RL,98,16033,Pave,NA,IR1,AllPub,1Story,2004,3,1,326000
482,RL,72,11846,Pave,NA,IR1,AllPub,1Story,2003,2,1,374000
483,RM,50,2500,Pave,Pave,Reg,AllPub,2Story,1915,4,1,155000
484,RM,32,4500,Pave,NA,Reg,AllPub,1Story,1998,2,1,164000
485,RL,NA,7758,Pave,NA,IR1,AllPub,1Story,1962,3,1,132500
486,RL,80,9600,Pave,NA,Reg,AllPub,1Story,1950,3,1,147000
487,RL,79,10289,Pave,NA,Reg,AllPub,1Story,1965,3,1,156000
488,RL,70,12243,Pave,NA,IR1,AllPub,1Story,1971,3,1,175000
489,RL,60,10800,Pave,NA,Reg,AllPub,1.5Fin,1900,3,2,160000
490,RM,21,1526,Pave,NA,Reg,AllPub,SFoyer,1970,1,1,86000
491,RM,NA,2665,Pave,NA,Reg,AllPub,2Story,1976,3,1,115000
492,RL,79,9490,Pave,NA,Reg,AllPub,1.5Fin,1941,3,1,133000
493,RL,105,15578,Pave,NA,IR1,AllPub,2Story,2006,3,1,172785
494,RL,70,7931,Pave,NA,Reg,AllPub,1Story,1960,3,1,155000
495,RM,50,5784,Pave,NA,Reg,AllPub,1Story,1938,2,1,91300
496,C (all),60,7879,Pave,NA,Reg,AllPub,1Story,1920,2,1,34900
497,RL,NA,12692,Pave,NA,IR1,AllPub,1Story,1992,4,1,430000
498,RL,60,9120,Pave,Pave,Reg,AllPub,1.5Fin,1925,4,1,184000
499,RL,65,7800,Pave,NA,Reg,AllPub,1Story,1967,3,1,130000
500,RL,70,7535,Pave,NA,IR1,AllPub,1Story,1958,2,1,120000
501,RM,21,1890,Pave,NA,Reg,AllPub,2Story,1973,3,1,113000
502,FV,75,9803,Pave,NA,Reg,AllPub,2Story,2005,3,1,226700
503,RL,70,9170,Pave,NA,Reg,AllPub,1Story,1965,2,1,140000
504,RL,100,15602,Pave,NA,IR1,AllPub,1Story,1959,1,1,289000
505,RL,24,2308,Pave,NA,Reg,AllPub,2Story,1974,3,1,147000
506,RM,60,7596,Pave,Grvl,Reg,AllPub,2Story,1952,4,2,124500
507,RL,80,9554,Pave,NA,IR1,AllPub,2Story,1993,3,1,215000
508,FV,75,7862,Pave,NA,IR1,AllPub,1Story,2009,2,1,208300
509,RM,60,9600,Pave,NA,Reg,AllPub,2Story,1928,3,1,161000
510,RL,80,9600,Pave,NA,Reg,AllPub,1Story,1959,3,1,124500
511,RL,75,14559,Pave,NA,Reg,AllPub,1Story,1951,2,1,164900
512,RL,40,6792,Pave,NA,IR1,AllPub,1Story,2005,2,1,202665
513,RL,70,9100,Pave,NA,Reg,AllPub,1Story,1958,3,1,129900
514,RL,71,9187,Pave,NA,Reg,AllPub,1Story,1983,3,1,134000
515,RL,55,10594,Pave,NA,Reg,AllPub,1.5Unf,1926,2,1,96500
516,RL,94,12220,Pave,NA,Reg,AllPub,1Story,2009,3,1,402861
517,RL,NA,10448,Pave,NA,IR1,AllPub,SLvl,1972,3,1,158000
518,RL,79,10208,Pave,NA,IR1,AllPub,2Story,1996,3,1,265000
519,RL,NA,9531,Pave,NA,IR1,AllPub,2Story,1998,3,1,211000
520,RL,53,10918,Pave,NA,Reg,AllPub,2Story,1926,3,1,234000
521,RL,60,10800,Pave,Grvl,Reg,AllPub,2Story,1900,3,2,106250
522,RL,90,11988,Pave,NA,IR1,AllPub,1Story,1957,3,1,150000
523,RM,50,5000,Pave,NA,Reg,AllPub,1.5Fin,1947,3,1,159000
524,RL,130,40094,Pave,NA,IR1,AllPub,2Story,2007,3,1,184750
525,RL,95,11787,Pave,NA,IR1,AllPub,2Story,1996,3,1,315750
526,FV,62,7500,Pave,Pave,Reg,AllPub,1Story,2005,3,1,176000
527,RL,70,13300,Pave,NA,Reg,AllPub,1Story,1956,2,1,132000
528,RL,67,14948,Pave,NA,IR1,AllPub,2Story,2008,3,1,446261
529,RL,58,9098,Pave,NA,IR1,AllPub,1Story,1920,2,1,86000
530,RL,NA,32668,Pave,NA,IR1,AllPub,1Story,1957,4,2,200624
531,RL,85,10200,Pave,NA,Reg,AllPub,SLvl,1988,3,1,175000
532,RM,60,6155,Pave,NA,IR1,AllPub,2Story,1920,3,1,128000
533,RL,60,7200,Pave,NA,Reg,AllPub,1Story,1955,2,1,107500
534,RL,50,5000,Pave,NA,Reg,AllPub,1Story,1946,1,1,39300
535,RL,74,9056,Pave,NA,IR1,AllPub,2Story,2004,3,1,178000
536,RL,70,7000,Pave,NA,Reg,AllPub,2Story,1910,3,1,107500
537,RL,57,8924,Pave,NA,IR1,AllPub,2Story,1998,3,1,188000
538,RL,NA,12735,Pave,NA,IR1,AllPub,1Story,1972,3,1,111250
539,RL,NA,11553,Pave,NA,IR1,AllPub,1Story,1968,3,1,158000
540,RL,NA,11423,Pave,NA,Reg,AllPub,1Story,2001,3,1,272000
541,RL,85,14601,Pave,NA,Reg,AllPub,1Story,2006,2,1,315000
542,RL,NA,11000,Pave,NA,Reg,AllPub,2Story,2000,4,1,248000
543,RL,78,10140,Pave,NA,Reg,AllPub,1Story,1998,3,1,213250
544,RH,34,4058,Pave,NA,Reg,AllPub,SFoyer,1998,1,1,133000
545,RL,58,17104,Pave,NA,IR1,AllPub,2Story,2006,3,1,179665
546,RL,NA,13837,Pave,NA,IR1,AllPub,1.5Fin,1988,4,1,229000
547,RL,70,8737,Pave,NA,IR1,AllPub,1.5Fin,1923,3,1,210000
548,RL,54,7244,Pave,NA,Reg,AllPub,SFoyer,1970,2,1,129500
549,RM,49,8235,Pave,NA,IR1,AllPub,1Story,1955,2,1,125000
550,FV,75,9375,Pave,NA,Reg,AllPub,2Story,2003,4,1,263000
551,RL,53,4043,Pave,NA,Reg,AllPub,1Story,1977,2,1,140000
552,RM,50,6000,Pave,NA,Reg,AllPub,1Story,1957,3,1,112500
553,RL,87,11146,Pave,NA,IR1,AllPub,1Story,2006,3,1,255500
554,RL,67,8777,Pave,NA,Reg,AllPub,1Story,1949,2,1,108000
555,RL,85,10625,Pave,NA,Reg,AllPub,2Story,2003,3,1,284000
556,RM,58,6380,Pave,NA,Reg,AllPub,1.5Unf,1922,2,1,113000
557,RL,69,14850,Pave,NA,IR1,AllPub,1Story,1957,2,1,141000
558,C (all),60,11040,Pave,NA,Reg,AllPub,1.5Fin,1920,3,1,108000
559,RL,57,21872,Pave,NA,IR2,AllPub,2Story,1996,3,1,175000
560,RL,NA,3196,Pave,NA,Reg,AllPub,1Story,2003,2,1,234000
561,RL,NA,11341,Pave,NA,IR1,AllPub,1Story,1957,3,1,121500
562,RL,77,10010,Pave,NA,Reg,AllPub,1Story,1974,2,1,170000
563,RL,63,13907,Pave,NA,Reg,AllPub,1Story,1940,3,1,108000
564,RL,66,21780,Pave,NA,Reg,AllPub,1.5Fin,1918,4,1,185000
565,RL,NA,13346,Pave,NA,IR1,AllPub,2Story,1992,4,1,268000
566,RL,66,6858,Pave,NA,Reg,AllPub,2Story,1915,4,1,128000
567,RL,77,11198,Pave,NA,IR1,AllPub,2Story,2005,4,1,325000
568,RL,70,10171,Pave,NA,IR1,AllPub,1Story,2004,3,1,214000
569,RL,79,12327,Pave,NA,IR1,AllPub,1.5Fin,1983,1,1,316600
570,RL,NA,7032,Pave,NA,IR1,AllPub,SFoyer,1979,2,1,135960
571,RL,74,13101,Pave,NA,IR1,AllPub,1Story,1965,6,2,142600
572,RL,60,7332,Pave,NA,Reg,AllPub,1Story,1959,2,1,120000
573,RL,83,13159,Pave,NA,IR1,AllPub,2Story,2009,3,1,224500
574,RL,76,9967,Pave,NA,IR1,AllPub,SLvl,2000,3,1,170000
575,RL,70,10500,Pave,NA,Reg,AllPub,SLvl,1971,3,1,139000
576,RL,80,8480,Pave,NA,Reg,AllPub,1.5Fin,1947,2,1,118500
577,RL,52,6292,Pave,NA,Reg,AllPub,1.5Fin,1928,3,1,145000
578,RL,96,11777,Pave,NA,IR1,AllPub,SLvl,1966,3,1,164500
579,FV,34,3604,Pave,Pave,Reg,AllPub,2Story,2007,2,1,146000
580,RM,81,12150,Pave,Grvl,Reg,AllPub,1.5Fin,1954,4,1,131500
581,RL,NA,14585,Pave,NA,IR1,AllPub,1Story,1960,3,1,181900
582,RL,98,12704,Pave,NA,Reg,AllPub,1Story,2008,3,1,253293
583,RL,81,11841,Grvl,NA,Reg,AllPub,SFoyer,1990,3,1,118500
584,RM,75,13500,Pave,NA,Reg,AllPub,2.5Unf,1893,3,1,325000
585,RM,51,6120,Pave,NA,Reg,AllPub,1.5Fin,1935,3,1,133000
586,RL,88,11443,Pave,NA,Reg,AllPub,1Story,2005,2,1,369900
587,RL,55,10267,Pave,NA,Reg,AllPub,1Story,1918,2,1,130000
588,RL,74,8740,Pave,NA,IR1,AllPub,SFoyer,1982,2,1,137000
589,RL,65,25095,Pave,NA,IR1,AllPub,1Story,1968,1,1,143000
590,RM,50,9100,Pave,NA,Reg,AllPub,1Story,1930,2,1,79500
591,RL,64,8320,Pave,NA,Reg,AllPub,2Story,2004,3,1,185900
592,RL,97,13478,Pave,NA,IR1,AllPub,2Story,2008,3,1,451950
593,RL,60,6600,Pave,NA,Reg,AllPub,1Story,1982,2,1,138000
594,RM,NA,4435,Pave,NA,Reg,AllPub,1Story,2003,1,1,140000
595,RL,88,7990,Pave,NA,IR1,AllPub,1Story,1975,3,1,110000
596,RL,69,11302,Pave,NA,IR1,AllPub,1Story,2005,3,1,319000
597,RM,60,3600,Pave,Grvl,Reg,AllPub,2Story,1910,3,1,114504
598,RL,53,3922,Pave,NA,Reg,AllPub,1Story,2006,2,1,194201
599,RL,80,12984,Pave,NA,Reg,AllPub,1Story,1977,3,1,217500
600,RM,24,1950,Pave,NA,Reg,AllPub,2Story,1980,3,1,151000
601,RL,74,10927,Pave,NA,Reg,AllPub,2Story,2005,3,1,275000
602,RM,50,9000,Pave,NA,Reg,AllPub,1.5Fin,1937,3,1,141000
603,RL,80,10041,Pave,NA,IR1,AllPub,2Story,1992,3,1,220000
604,FV,30,3182,Pave,Pave,Reg,AllPub,2Story,2004,2,1,151000
605,RL,88,12803,Pave,NA,IR1,AllPub,1Story,2002,3,1,221000
606,RL,85,13600,Pave,NA,Reg,AllPub,2Story,1965,3,1,205000
607,RL,82,12464,Pave,NA,IR2,AllPub,1Story,1996,3,1,152000
608,RL,78,7800,Pave,NA,Reg,AllPub,2Story,1948,3,1,225000
609,RL,78,12168,Pave,NA,Reg,AllPub,2Story,1934,4,1,359100
610,RL,61,7943,Pave,NA,Reg,AllPub,1Story,1961,3,1,118500
611,RL,NA,11050,Pave,NA,Reg,AllPub,2Story,2000,3,1,313000
612,RL,NA,10395,Pave,NA,IR1,AllPub,SLvl,1978,3,1,148000
613,RL,NA,11885,Pave,NA,Reg,AllPub,2Story,2001,3,1,261500
614,RL,70,8402,Pave,NA,Reg,AllPub,1Story,2007,3,1,147000
615,RM,21,1491,Pave,NA,Reg,AllPub,SFoyer,1972,1,1,75500
616,RL,80,8800,Pave,NA,Reg,AllPub,SFoyer,1963,3,1,137500
617,RL,NA,7861,Pave,NA,IR1,AllPub,2Story,2002,3,1,183200
618,RL,59,7227,Pave,NA,Reg,AllPub,1.5Unf,1954,2,1,105500
619,RL,90,11694,Pave,NA,Reg,AllPub,1Story,2007,3,1,314813
620,RL,85,12244,Pave,NA,Reg,AllPub,2Story,2003,4,1,305000
621,RL,45,8248,Pave,Grvl,Reg,AllPub,1Story,1914,2,1,67000
622,RL,90,10800,Pave,NA,Reg,AllPub,2Story,1974,4,1,240000
623,RL,71,7064,Pave,NA,Reg,AllPub,1Story,1977,3,1,135000
624,FV,NA,2117,Pave,NA,Reg,AllPub,2Story,2000,2,1,168500
625,RL,80,10400,Pave,NA,Reg,AllPub,2Story,1972,4,1,165150
626,RL,87,10000,Pave,NA,IR1,AllPub,1Story,1962,3,1,160000
627,RL,NA,12342,Pave,NA,IR1,AllPub,1Story,1960,3,1,139900
628,RL,80,9600,Pave,NA,Reg,AllPub,SLvl,1955,3,1,153000
629,RL,70,11606,Pave,NA,IR1,AllPub,2Story,1969,5,1,135000
630,RL,82,9020,Pave,NA,Reg,AllPub,SLvl,1964,3,1,168500
631,RM,50,9000,Pave,Grvl,Reg,AllPub,2Story,1880,3,1,124000
632,RL,34,4590,Pave,NA,Reg,AllPub,1Story,2006,2,1,209500
633,RL,85,11900,Pave,NA,Reg,AllPub,1Story,1977,3,1,82500
634,RL,80,9250,Pave,NA,Reg,AllPub,1Story,1954,3,1,139400
635,RL,64,6979,Pave,NA,Reg,AllPub,SFoyer,1980,0,2,144000
636,RH,60,10896,Pave,Pave,Reg,AllPub,2.5Fin,1914,8,2,200000
637,RM,51,6120,Pave,NA,Reg,AllPub,1Story,1936,1,1,60000
638,RM,50,6000,Pave,NA,Reg,AllPub,1.5Fin,1954,3,2,93000
639,RL,67,8777,Pave,NA,Reg,AllPub,1Story,1910,2,1,85000
640,RL,53,3982,Pave,NA,Reg,AllPub,1Story,2006,1,1,264561
641,RL,62,12677,Pave,NA,IR1,AllPub,1Story,2003,1,1,274000
642,FV,NA,7050,Pave,NA,Reg,AllPub,2Story,2001,3,1,226000
643,RL,75,13860,Pave,NA,Reg,AllPub,SLvl,1972,4,1,345000
644,RL,80,10793,Pave,NA,Reg,AllPub,2Story,1969,4,1,152000
645,FV,85,9187,Pave,NA,Reg,AllPub,1Story,2009,2,1,370878
646,RL,NA,10530,Pave,NA,IR1,AllPub,1Story,1971,3,1,143250
647,RL,60,7200,Pave,NA,Reg,AllPub,1Story,1950,3,1,98300
648,RL,85,10452,Pave,NA,IR1,AllPub,1Story,1953,3,1,155000
649,RL,70,7700,Pave,NA,Reg,AllPub,2Story,1966,4,1,155000
650,RM,21,1936,Pave,NA,Reg,AllPub,SFoyer,1970,1,1,84500
651,FV,65,8125,Pave,NA,Reg,AllPub,2Story,2007,3,1,205950
652,RL,60,9084,Pave,NA,Reg,AllPub,2Story,1940,4,1,108000
653,RL,70,8750,Pave,NA,Reg,AllPub,2Story,1996,2,1,191000
654,RM,60,10320,Pave,Grvl,Reg,AllPub,1.5Fin,1906,3,1,135000
655,RL,91,10437,Pave,NA,IR1,AllPub,1Story,1995,2,1,350000
656,RM,21,1680,Pave,NA,Reg,AllPub,2Story,1971,3,1,88000
657,RL,72,10007,Pave,NA,IR1,AllPub,1Story,1959,3,1,145500
658,RL,60,7200,Pave,NA,Reg,AllPub,2Story,1931,3,1,149000
659,RL,78,17503,Pave,NA,Reg,AllPub,1.5Fin,1948,3,1,97500
660,RL,75,9937,Pave,NA,Reg,AllPub,1Story,1964,3,1,167000
661,RL,NA,12384,Pave,NA,Reg,AllPub,2Story,1976,3,1,197900
662,RL,52,46589,Pave,NA,IR2,AllPub,2Story,1994,4,1,402000
663,RL,120,13560,Pave,NA,Reg,AllPub,1Story,1968,2,1,110000
664,RL,90,10012,Pave,NA,Reg,AllPub,SFoyer,1972,3,1,137500
665,RL,49,20896,Pave,NA,IR2,AllPub,1Story,2005,1,1,423000
666,RL,106,11194,Pave,NA,IR1,AllPub,2Story,2000,3,1,230500
667,RL,NA,18450,Pave,NA,IR1,AllPub,2Story,1965,3,1,129000
668,RL,65,8125,Pave,NA,Reg,AllPub,1Story,1994,3,1,193500
669,RL,NA,14175,Pave,NA,Reg,AllPub,1Story,1956,3,1,168000
670,RL,80,11600,Pave,NA,Reg,AllPub,1Story,1922,2,1,137500
671,RL,64,8633,Pave,NA,Reg,AllPub,2Story,2005,3,1,173500
672,RH,54,6629,Pave,NA,Reg,AllPub,2Story,1925,3,1,103600
673,RL,NA,11250,Pave,NA,IR1,AllPub,1Story,1977,3,1,165000
674,RL,110,14442,Pave,NA,Reg,AllPub,1Story,1957,3,1,257500
675,RL,80,9200,Pave,NA,Reg,AllPub,1Story,1965,3,1,140000
676,RL,24,2289,Pave,NA,Reg,AllPub,2Story,1978,3,1,148500
677,RM,60,9600,Pave,Grvl,Reg,AllPub,2Story,1900,4,2,87000
678,RL,52,9022,Pave,NA,Reg,AllPub,1Story,1924,2,1,109500
679,RL,80,11844,Pave,NA,IR1,AllPub,1Story,2008,3,1,372500
680,RL,NA,9945,Pave,NA,IR1,AllPub,1Story,1961,3,1,128500
681,RL,50,8012,Pave,NA,Reg,AllPub,1Story,1980,2,1,143000
682,RH,55,4500,Pave,Pave,IR2,AllPub,1.5Fin,1932,3,1,159434
683,RL,NA,2887,Pave,NA,Reg,AllPub,1Story,1996,2,1,173000
684,RL,90,11248,Pave,NA,IR1,AllPub,1Story,2002,3,1,285000
685,RL,58,16770,Pave,NA,IR2,AllPub,2Story,1998,4,1,221000
686,RL,NA,5062,Pave,NA,IR1,AllPub,2Story,1984,3,1,207500
687,FV,84,10207,Pave,NA,Reg,AllPub,2Story,2007,3,1,227875
688,FV,NA,5105,Pave,NA,IR2,AllPub,2Story,2004,2,1,148800
689,RL,60,8089,Pave,NA,Reg,AllPub,1Story,2007,2,1,392000
690,RL,61,7577,Pave,NA,IR1,AllPub,1Story,2005,2,1,194700
691,RM,NA,4426,Pave,NA,Reg,AllPub,1Story,2004,1,1,141000
692,RL,104,21535,Pave,NA,IR1,AllPub,2Story,1994,4,1,755000
693,RL,42,26178,Pave,NA,IR1,AllPub,2Story,1989,4,1,335000
694,RL,60,5400,Pave,NA,Reg,AllPub,1Story,1921,2,1,108480
695,RM,51,6120,Pave,NA,Reg,AllPub,1.5Fin,1936,3,1,141500
696,RL,54,13811,Pave,NA,IR1,AllPub,1Story,1987,2,1,176000
697,RM,50,6000,Pave,NA,Reg,AllPub,1Story,1921,2,1,89000
698,RL,57,6420,Pave,NA,IR1,AllPub,1Story,1952,2,1,123500
699,RL,65,8450,Pave,NA,Reg,AllPub,1Story,1965,3,1,138500
700,FV,59,4282,Pave,Pave,IR2,AllPub,1Story,2004,2,1,196000
701,RL,85,14331,Pave,NA,Reg,AllPub,1Story,2002,3,1,312500
702,RL,80,9600,Pave,NA,Reg,AllPub,1Story,1969,3,1,140000
703,RL,82,12438,Pave,NA,IR1,AllPub,2Story,2006,4,1,361919
704,RM,76,7630,Pave,NA,Reg,AllPub,2Story,1900,4,2,140000
705,RL,70,8400,Pave,NA,Reg,AllPub,1Story,2004,3,1,213000
706,RM,70,5600,Pave,NA,Reg,AllPub,2Story,1930,3,2,55000
707,RL,NA,115149,Pave,NA,IR2,AllPub,1Story,1971,2,1,302000
708,RL,48,6240,Pave,NA,Reg,AllPub,1Story,2006,2,1,254000
709,RL,65,9018,Pave,NA,IR1,AllPub,2Story,2007,3,1,179540
710,RL,NA,7162,Pave,NA,IR1,AllPub,1Story,1966,3,1,109900
711,RL,56,4130,Pave,NA,IR1,AllPub,1Story,1935,2,1,52000
712,C (all),66,8712,Pave,Pave,Reg,AllPub,1.5Fin,1900,2,1,102776
713,RL,40,4671,Pave,NA,IR1,AllPub,1Story,1988,2,1,189000
714,RL,60,9873,Pave,NA,Reg,AllPub,1Story,1970,3,1,129000
715,RL,NA,13517,Pave,NA,IR1,AllPub,2Story,1976,3,1,130500
716,RL,78,10140,Pave,NA,Reg,AllPub,1Story,1974,3,1,165000
717,RM,60,10800,Pave,Grvl,Reg,AllPub,2Story,1890,3,1,159500
718,RL,80,10000,Pave,NA,Reg,AllPub,1Story,1973,3,1,157000
719,RL,96,10542,Pave,NA,Reg,AllPub,2Story,1993,3,1,341000
720,RL,69,9920,Pave,NA,IR1,AllPub,1Story,1969,3,1,128500
721,RL,NA,6563,Pave,NA,IR1,AllPub,1Story,1985,2,1,275000
722,RM,NA,4426,Pave,NA,Reg,AllPub,1Story,2004,1,1,143000
723,RL,70,8120,Pave,NA,Reg,AllPub,1Story,1970,3,1,124500
724,RL,60,8172,Pave,NA,Reg,AllPub,1.5Fin,1954,4,1,135000
725,RL,86,13286,Pave,NA,IR1,AllPub,1Story,2007,3,1,320000
726,RL,60,6960,Pave,NA,Reg,AllPub,1Story,1970,3,1,120500
727,RL,NA,21695,Pave,NA,IR1,AllPub,1Story,1988,3,1,222000
728,RL,64,7314,Pave,NA,Reg,AllPub,1Story,2007,2,1,194500
729,RL,85,11475,Pave,NA,Reg,AllPub,1Story,1958,4,2,110000
730,RM,52,6240,Pave,Grvl,Reg,AllPub,1.5Fin,1925,2,1,103000
731,RL,39,5389,Pave,NA,IR1,AllPub,1Story,1995,2,1,236500
732,RL,73,9590,Pave,NA,IR1,AllPub,SLvl,2003,3,1,187500
733,RL,75,11404,Pave,NA,IR1,AllPub,2Story,1998,3,1,222500
734,RL,80,10000,Pave,NA,Reg,AllPub,1Story,1961,3,1,131400
735,RL,NA,8978,Pave,NA,IR1,AllPub,1Story,1968,3,1,108000
736,RM,60,10800,Pave,NA,Reg,AllPub,2.5Unf,1914,2,1,163000
737,RL,60,8544,Pave,NA,Reg,AllPub,1Story,1950,2,2,93500
738,RL,72,10463,Pave,NA,IR1,AllPub,2Story,2005,3,1,239900
739,RL,60,10800,Pave,NA,Reg,AllPub,1Story,1987,3,1,179000
740,RL,65,9313,Pave,NA,IR1,AllPub,2Story,2004,3,1,190000
741,RM,60,9600,Pave,Grvl,Reg,AllPub,2Story,1910,2,1,132000
742,RL,65,6768,Pave,NA,IR1,AllPub,1Story,1961,3,1,142000
743,RL,65,8450,Pave,NA,Reg,AllPub,1Story,2000,3,1,179000
744,RL,70,12886,Pave,NA,IR1,AllPub,SLvl,1963,3,1,175000
745,RL,41,5395,Pave,NA,IR1,AllPub,1Story,1993,2,1,180000
746,RL,NA,8963,Pave,NA,IR1,AllPub,2Story,1976,4,1,299800
747,RL,NA,8795,Pave,NA,IR1,AllPub,2Story,2000,4,1,236000
748,RM,65,11700,Pave,Pave,IR1,AllPub,2Story,1880,4,1,265979
749,RL,59,10593,Pave,NA,IR1,AllPub,1Story,1996,3,1,260400
750,RL,50,8405,Pave,NA,Reg,AllPub,1.5Fin,1945,4,1,98000
751,RM,55,8800,Pave,Grvl,Reg,AllPub,1.5Fin,1910,3,1,96500
752,RL,NA,7750,Pave,NA,Reg,AllPub,2Story,2003,3,1,162000
753,RL,79,9236,Pave,NA,IR1,AllPub,1Story,1997,3,1,217000
754,RL,80,10240,Pave,NA,Reg,AllPub,2Story,2005,3,1,275500
755,RL,61,7930,Pave,NA,Reg,AllPub,1Story,1969,3,1,156000
756,FV,34,3230,Pave,Pave,Reg,AllPub,2Story,1999,3,1,172500
757,RL,68,10769,Pave,NA,IR1,AllPub,2Story,2007,3,1,212000
758,RL,NA,11616,Pave,NA,IR1,AllPub,2Story,1978,3,1,158900
759,FV,24,2280,Pave,Pave,Reg,AllPub,2Story,1999,3,1,179400
760,RL,65,12257,Pave,NA,IR1,AllPub,2Story,1995,4,1,290000
761,RL,70,9100,Pave,NA,Reg,AllPub,1Story,1959,2,1,127500
762,RM,60,6911,Pave,NA,Reg,AllPub,1Story,1924,2,1,100000
763,FV,72,8640,Pave,NA,Reg,AllPub,2Story,2009,3,1,215200
764,RL,82,9430,Pave,NA,Reg,AllPub,2Story,1999,3,1,337000
765,RL,30,9549,Pave,NA,IR1,AllPub,1Story,1995,2,1,270000
766,RL,75,14587,Pave,NA,IR1,AllPub,1Story,2008,2,1,264132
767,RL,80,10421,Pave,NA,Reg,AllPub,2Story,1988,3,1,196500
768,RL,75,12508,Pave,NA,IR1,AllPub,1.5Fin,1940,4,1,160000
769,RL,70,9100,Pave,NA,Reg,AllPub,1Story,2004,3,1,216837
770,RL,47,53504,Pave,NA,IR2,AllPub,2Story,2003,4,1,538000
771,RL,NA,7252,Pave,NA,IR1,AllPub,SFoyer,1982,2,1,134900
772,RL,67,8877,Pave,NA,Reg,AllPub,1Story,1951,2,1,102000
773,RL,94,7819,Pave,NA,Reg,AllPub,SLvl,1976,3,1,107000
774,RL,70,10150,Pave,NA,Reg,AllPub,1Story,1958,2,1,114500
775,RL,110,14226,Pave,NA,Reg,AllPub,1Story,2006,3,1,395000
776,RM,32,4500,Pave,NA,Reg,AllPub,1Story,1998,2,1,162000
777,RL,86,11210,Pave,NA,IR1,AllPub,1Story,2005,3,1,221500
778,RL,100,13350,Pave,NA,IR1,AllPub,1Story,1974,3,1,142500
779,RH,60,8400,Pave,NA,Reg,AllPub,1Story,1977,4,2,144000
780,RL,78,10530,Pave,NA,Reg,AllPub,SFoyer,1977,2,1,135000
781,RL,63,7875,Pave,NA,Reg,AllPub,1Story,1995,3,1,176000
782,RL,65,7153,Pave,NA,Reg,AllPub,2Story,1992,3,1,175900
783,RL,67,16285,Pave,NA,IR2,AllPub,1Story,2001,3,1,187100
784,RL,NA,9101,Pave,NA,IR1,AllPub,SFoyer,1978,1,1,165500
785,RM,35,6300,Pave,Grvl,Reg,AllPub,2.5Unf,1914,3,1,128000
786,RL,NA,9790,Pave,NA,Reg,AllPub,1Story,1967,3,1,161500
787,RM,60,10800,Pave,NA,Reg,AllPub,1.5Fin,1915,4,1,139000
788,RL,76,10142,Pave,NA,IR1,AllPub,2Story,2004,4,1,233000
789,RM,50,6000,Pave,NA,Reg,AllPub,1Story,1954,2,1,107900
790,RL,NA,12205,Pave,NA,IR1,AllPub,2Story,1966,5,1,187500
791,RL,43,3182,Pave,NA,Reg,AllPub,1Story,2005,2,1,160200
792,RL,NA,11333,Pave,NA,IR1,AllPub,SLvl,1976,3,1,146800
793,RL,92,9920,Pave,NA,IR1,AllPub,2Story,1996,3,1,269790
794,RL,76,9158,Pave,NA,Reg,AllPub,1Story,2007,3,1,225000
795,RL,NA,10832,Pave,NA,IR1,AllPub,2Story,1994,3,1,194500
796,RL,70,8400,Pave,NA,Reg,AllPub,2Story,1980,3,1,171000
797,RL,71,8197,Pave,NA,Reg,AllPub,1Story,1977,3,1,143500
798,RL,57,7677,Pave,NA,Reg,AllPub,1Story,1953,2,1,110000
799,RL,104,13518,Pave,NA,Reg,AllPub,2Story,2008,4,1,485000
800,RL,60,7200,Pave,NA,Reg,AllPub,1.5Fin,1937,3,1,175000
801,RL,79,12798,Pave,NA,IR1,AllPub,2Story,1997,4,1,200000
802,RM,40,4800,Pave,NA,Reg,AllPub,1Story,1916,2,1,109900
803,RL,63,8199,Pave,NA,Reg,AllPub,2Story,2005,3,1,189000
804,RL,107,13891,Pave,NA,Reg,AllPub,2Story,2008,4,1,582933
805,RL,75,9000,Pave,NA,Reg,AllPub,1Story,1954,2,1,118000
806,RL,91,12274,Pave,NA,IR1,AllPub,1Story,2008,3,1,227680
807,RL,75,9750,Pave,NA,Reg,AllPub,SLvl,1967,3,1,135500
808,RL,144,21384,Pave,NA,Reg,AllPub,2Story,1923,3,1,223500
809,RL,85,13400,Pave,NA,Reg,AllPub,SLvl,1966,3,1,159950
810,RM,90,8100,Pave,NA,Reg,AllPub,2.5Unf,1898,2,3,106000
811,RL,78,10140,Pave,NA,Reg,AllPub,1Story,1974,3,1,181000
812,RM,NA,4438,Pave,NA,Reg,AllPub,1Story,2004,1,1,144500
813,C (all),66,8712,Grvl,NA,Reg,AllPub,1Story,1952,2,1,55993
814,RL,75,9750,Pave,NA,Reg,AllPub,1Story,1958,4,1,157900
815,RL,45,8248,Pave,Grvl,Reg,AllPub,1.5Fin,1918,3,1,116000
816,RL,48,12137,Pave,NA,IR2,AllPub,1Story,1998,3,1,224900
817,RL,NA,11425,Pave,NA,IR1,AllPub,1Story,1954,2,1,137000
818,RL,NA,13265,Pave,NA,IR1,AllPub,1Story,2002,3,1,271000
819,RL,80,8816,Pave,NA,Reg,AllPub,SLvl,1971,3,1,155000
820,RL,44,6371,Pave,NA,IR1,AllPub,1Story,2009,2,1,224000
821,RL,72,7226,Pave,NA,IR1,AllPub,2Story,2003,3,1,183000
822,RM,60,6000,Pave,Pave,Reg,AllPub,1Story,1953,2,1,93000
823,RL,NA,12394,Pave,NA,IR1,AllPub,2Story,2003,3,1,225000
824,RL,60,9900,Pave,NA,Reg,AllPub,1.5Fin,1940,3,1,139500
825,FV,81,11216,Pave,NA,Reg,AllPub,1Story,2006,3,1,232600
826,RL,114,14803,Pave,NA,Reg,AllPub,1Story,2007,2,1,385000
827,RM,50,6130,Pave,NA,Reg,AllPub,1.5Unf,1924,2,1,109500
828,RL,65,8529,Pave,NA,IR1,AllPub,1Story,2001,3,1,189000
829,RL,NA,28698,Pave,NA,IR2,AllPub,2Story,1967,3,1,185000
830,FV,24,2544,Pave,Pave,Reg,AllPub,2Story,2005,2,1,147400
831,RL,80,11900,Pave,NA,IR1,AllPub,1Story,1957,3,1,166000
832,FV,30,3180,Pave,Pave,Reg,AllPub,2Story,2005,2,1,151000
833,RL,44,9548,Pave,NA,IR1,AllPub,2Story,2003,3,1,237000
834,RL,100,10004,Pave,NA,Reg,AllPub,1Story,1964,3,1,167000
835,RL,75,7875,Pave,NA,Reg,AllPub,1Story,1961,3,1,139950
836,RL,60,9600,Pave,NA,Reg,AllPub,1Story,1950,2,1,128000
837,RM,90,8100,Pave,Pave,Reg,AllPub,1Story,1948,2,1,153500
838,RM,21,1680,Pave,NA,Reg,AllPub,2Story,1973,2,1,100000
839,RL,75,9525,Pave,NA,Reg,AllPub,1Story,1995,3,1,144000
840,RL,70,11767,Pave,NA,Reg,AllPub,1.5Fin,1946,3,1,130500
841,RH,NA,12155,Pave,NA,IR1,AllPub,2Story,1925,4,1,140000
842,RM,60,10440,Pave,Grvl,Reg,AllPub,2Story,1904,3,1,157500
843,RL,82,9020,Pave,NA,Reg,AllPub,SLvl,1966,3,1,174900
844,RL,80,8000,Pave,NA,Reg,AllPub,1Story,1961,6,2,141000
845,RM,100,12665,Pave,Grvl,IR1,AllPub,1.5Fin,1915,4,1,153900
846,RL,NA,16647,Pave,NA,IR1,AllPub,SFoyer,1975,3,1,171000
847,RL,75,9317,Pave,NA,Reg,AllPub,2Story,1993,3,1,213000
848,RL,36,15523,Pave,NA,IR1,AllPub,1Story,1972,3,1,133500
849,RL,75,45600,Pave,NA,IR2,AllPub,1.5Fin,1908,5,1,240000
850,RL,80,9600,Pave,NA,Reg,AllPub,SLvl,1976,3,1,187000
851,RM,36,4435,Pave,NA,Reg,AllPub,1Story,2003,1,1,131500
852,RL,NA,3196,Pave,NA,Reg,AllPub,1Story,2003,2,1,215000
853,RL,53,7128,Pave,NA,Reg,AllPub,2.5Unf,1941,4,1,164000
854,RL,NA,12095,Pave,NA,IR1,AllPub,SLvl,1964,3,1,158000
855,RL,102,17920,Pave,NA,Reg,AllPub,1Story,1955,3,1,170000
856,RL,NA,6897,Pave,NA,IR1,AllPub,1Story,1962,3,1,127000
857,RL,NA,10970,Pave,NA,IR1,AllPub,SLvl,1978,3,1,147000
858,RL,65,8125,Pave,NA,Reg,AllPub,2Story,1994,3,1,174000
859,RL,80,10400,Pave,NA,Reg,AllPub,1Story,1976,3,1,152000
860,RL,NA,11029,Pave,NA,IR1,AllPub,2Story,1968,4,1,250000
861,RL,55,7642,Pave,NA,Reg,AllPub,1.5Fin,1918,3,1,189950
862,RL,75,11625,Pave,NA,Reg,AllPub,1Story,1965,3,1,131500
863,RL,81,9672,Pave,NA,Reg,AllPub,1Story,1984,3,1,152000
864,RL,70,7931,Pave,NA,Reg,AllPub,1Story,1959,3,1,132500
865,FV,72,8640,Pave,NA,Reg,AllPub,1Story,2007,3,1,250580
866,RL,NA,8750,Pave,NA,IR1,AllPub,1Story,1970,3,1,148500
867,RL,67,10656,Pave,NA,IR1,AllPub,1Story,2006,3,1,248900
868,RL,85,6970,Pave,NA,Reg,AllPub,1Story,1961,3,1,129000
869,RL,NA,14762,Pave,NA,IR2,AllPub,2Story,1948,2,1,169000
870,RL,80,9938,Pave,NA,Reg,AllPub,2Story,1993,3,1,236000
871,RL,60,6600,Pave,NA,Reg,AllPub,1Story,1962,2,1,109500
872,RL,70,8750,Pave,NA,Reg,AllPub,2Story,1998,3,1,200500
873,RL,74,8892,Pave,NA,Reg,AllPub,1Story,1953,3,1,116000
874,RL,60,12144,Pave,NA,Reg,AllPub,1Story,1949,3,1,133000
875,RM,52,5720,Pave,NA,Reg,AllPub,1.5Fin,1941,3,1,66500
876,FV,75,9000,Pave,NA,Reg,AllPub,2Story,2007,4,1,303477
877,RL,94,25286,Pave,NA,Reg,AllPub,1Story,1963,3,1,132250
878,RL,74,8834,Pave,NA,Reg,AllPub,2Story,2004,4,1,350000
879,RL,88,11782,Pave,NA,IR1,AllPub,SFoyer,1961,3,1,148000
880,RL,NA,7000,Pave,NA,IR1,AllPub,1Story,1978,3,1,136500
881,RL,60,7024,Pave,NA,Reg,AllPub,1Story,2005,2,1,157000
882,RL,44,13758,Pave,NA,IR1,AllPub,1.5Fin,1990,3,1,187500
883,RL,NA,9636,Pave,NA,IR1,AllPub,2Story,1992,3,1,178000
884,RL,60,6204,Pave,NA,Reg,AllPub,2.5Fin,1912,5,1,118500
885,RL,65,7150,Pave,NA,Reg,AllPub,1Story,1967,3,1,100000
886,FV,50,5119,Pave,NA,IR1,AllPub,1Story,1999,2,1,328900
887,RL,70,8393,Pave,NA,Reg,AllPub,1Story,1959,4,2,145000
888,RL,59,16466,Pave,NA,IR1,AllPub,1.5Fin,1955,3,1,135500
889,RL,95,15865,Pave,NA,IR1,AllPub,1Story,1970,4,1,268000
890,RL,128,12160,Pave,NA,Reg,AllPub,1Story,1953,2,1,149500
891,RL,60,8064,Pave,NA,Reg,AllPub,1.5Fin,1949,3,1,122900
892,RL,70,11184,Pave,NA,Reg,AllPub,2Story,1978,3,1,172500
893,RL,70,8414,Pave,NA,Reg,AllPub,1Story,1963,3,1,154500
894,RL,NA,13284,Pave,NA,Reg,AllPub,1Story,1954,3,1,165000
895,RL,64,7018,Pave,NA,Reg,AllPub,1Story,1979,4,2,118858
896,RL,71,7056,Pave,NA,Reg,AllPub,2Story,1963,4,1,140000
897,RM,50,8765,Pave,Grvl,Reg,AllPub,1Story,1936,2,1,106500
898,RL,64,7018,Pave,NA,Reg,AllPub,2Story,1979,6,2,142953
899,RL,100,12919,Pave,NA,IR1,AllPub,1Story,2009,2,1,611657
900,RL,65,6993,Pave,NA,Reg,AllPub,1Story,1961,3,1,135000
901,RL,NA,7340,Pave,NA,IR1,AllPub,1Story,1971,2,1,110000
902,RL,64,8712,Pave,NA,IR1,AllPub,1Story,1957,2,1,153000
903,RL,63,7875,Pave,NA,Reg,AllPub,2Story,2003,3,1,180000
904,RL,50,14859,Pave,NA,IR1,AllPub,1Story,2006,3,1,240000
905,RL,NA,6173,Pave,NA,IR1,AllPub,1Story,1967,3,1,125500
906,RL,80,9920,Pave,NA,Reg,AllPub,1Story,1954,3,1,128000
907,RL,116,13501,Pave,NA,IR1,AllPub,1Story,2006,3,1,255000
908,RL,86,11500,Pave,NA,IR1,AllPub,1.5Fin,1936,3,1,250000
909,RL,NA,8885,Pave,NA,IR1,AllPub,1Story,1983,2,1,131000
910,RL,149,12589,Pave,NA,IR2,AllPub,2Story,2005,3,1,174000
911,RL,80,11600,Pave,NA,Reg,AllPub,2Story,1960,5,2,154300
912,RL,NA,9286,Pave,NA,IR1,AllPub,1Story,1977,3,1,143500
913,RM,51,6120,Pave,NA,Reg,AllPub,1Story,1925,3,1,88000
914,RH,82,6270,Pave,NA,Reg,AllPub,2Story,1949,4,2,145000
915,FV,30,3000,Pave,Pave,Reg,AllPub,2Story,2009,2,1,173733
916,RM,21,2001,Pave,NA,Reg,AllPub,2Story,1970,3,1,75000
917,C (all),50,9000,Pave,NA,Reg,AllPub,1Story,1949,1,1,35311
918,RL,NA,17140,Pave,NA,Reg,AllPub,1Story,1956,3,1,135000
919,RL,103,13125,Pave,NA,IR1,AllPub,2Story,1991,4,1,238000
920,RL,87,11029,Pave,NA,IR1,AllPub,1Story,1958,3,1,176500
921,RL,70,8462,Pave,NA,IR1,AllPub,2Story,1994,3,1,201000
922,RL,67,8777,Pave,NA,Reg,AllPub,1.5Fin,1900,4,2,145900
923,RL,65,10237,Pave,NA,Reg,AllPub,1Story,2005,3,1,169990
924,RL,50,8012,Pave,NA,Reg,AllPub,1Story,1993,2,1,193000
925,RL,79,10240,Pave,NA,Reg,AllPub,1Story,1980,3,1,207500
926,RL,NA,15611,Pave,NA,IR1,AllPub,1Story,1977,3,1,175000
927,RL,93,11999,Pave,NA,Reg,AllPub,2Story,2003,4,1,285000
928,RL,NA,9900,Pave,NA,Reg,AllPub,2Story,1968,4,1,176000
929,RL,NA,11838,Pave,NA,Reg,AllPub,1Story,2001,3,1,236500
930,RL,NA,13006,Pave,NA,IR1,AllPub,2Story,1997,4,1,222000
931,RL,73,8925,Pave,NA,IR1,AllPub,1Story,2007,3,1,201000
932,RL,70,9100,Pave,NA,Reg,AllPub,1Story,1965,2,1,117500
933,RL,84,11670,Pave,NA,IR1,AllPub,1Story,2006,3,1,320000
934,RL,63,8487,Pave,NA,Reg,AllPub,1Story,2004,3,1,190000
935,RL,313,27650,Pave,NA,IR2,AllPub,1Story,1960,4,1,242000
936,RL,52,5825,Pave,NA,IR1,AllPub,1Story,1926,1,1,79900
937,RL,67,10083,Pave,NA,Reg,AllPub,1Story,2003,2,1,184900
938,RL,75,9675,Pave,NA,Reg,AllPub,2Story,2005,3,1,253000
939,RL,73,8760,Pave,NA,Reg,AllPub,2Story,2006,3,1,239799
940,RL,NA,24090,Pave,NA,Reg,AllPub,2Story,1940,4,1,244400
941,RL,55,12640,Pave,NA,IR1,AllPub,1Story,1976,4,2,150900
942,RL,NA,8755,Pave,NA,IR1,AllPub,2Story,1999,3,1,214000
943,RL,42,7711,Pave,NA,IR1,AllPub,1Story,1977,4,2,150000
944,RL,100,25000,Pave,NA,Reg,AllPub,1Story,1967,4,2,143000
945,RL,NA,14375,Pave,NA,IR1,NoSeWa,SLvl,1958,3,1,137500
946,RM,98,8820,Pave,NA,Reg,AllPub,1.5Fin,1890,2,1,124900
947,RL,70,8163,Pave,NA,Reg,AllPub,SLvl,1959,3,1,143000
948,RL,85,14536,Pave,NA,Reg,AllPub,1Story,2002,3,1,270000
949,RL,65,14006,Pave,NA,IR1,AllPub,2Story,2002,3,1,192500
950,RL,78,9360,Pave,NA,Reg,AllPub,1Story,1972,3,1,197500
951,RL,60,7200,Pave,NA,Reg,AllPub,1Story,1950,3,1,129000
952,RH,60,7800,Pave,NA,Reg,AllPub,1Story,1965,3,1,119900
953,RL,60,7200,Pave,NA,Reg,AllPub,SFoyer,1972,2,1,133900
954,RL,NA,11075,Pave,NA,IR1,AllPub,2Story,1969,4,1,172000
955,RL,35,9400,Pave,NA,IR1,AllPub,SFoyer,1975,4,0,127500
956,RH,82,7136,Pave,NA,IR1,AllPub,2Story,1946,4,2,145000
957,RM,24,1300,Pave,NA,Reg,AllPub,2Story,1980,2,1,124000
958,RL,70,7420,Pave,NA,Reg,AllPub,1Story,1962,3,1,132000
959,RL,65,8450,Pave,NA,Reg,AllPub,1Story,2003,3,1,185000
960,FV,24,2572,Pave,NA,Reg,AllPub,2Story,1999,3,1,155000
961,RL,50,7207,Pave,NA,IR1,AllPub,1Story,1958,2,1,116500
962,RL,NA,12227,Pave,NA,IR1,AllPub,2Story,1977,4,1,272000
963,RL,24,2308,Pave,NA,Reg,AllPub,2Story,1976,3,1,155000
964,RL,122,11923,Pave,NA,IR1,AllPub,1Story,2007,2,1,239000
965,RL,80,11316,Pave,NA,Reg,AllPub,2Story,2002,4,1,214900
966,RL,65,10237,Pave,NA,Reg,AllPub,2Story,2005,3,1,178900
967,RL,130,9600,Pave,NA,IR1,AllPub,1.5Fin,1940,2,1,160000
968,RL,NA,7390,Pave,NA,IR1,AllPub,1Story,1955,3,1,135000
969,RM,50,5925,Pave,NA,Reg,AllPub,1.5Fin,1910,2,1,37900
970,RL,75,10382,Pave,NA,Reg,AllPub,SLvl,1958,2,1,140000
971,RL,60,10800,Pave,NA,Reg,AllPub,1.5Fin,1949,4,1,135000
972,RL,36,2268,Pave,NA,Reg,AllPub,2Story,2003,2,1,173000
973,RL,55,7892,Pave,NA,Reg,AllPub,1Story,1979,2,1,99500
974,FV,95,11639,Pave,NA,Reg,AllPub,1Story,2007,3,1,182000
975,RL,60,11414,Pave,NA,IR1,AllPub,2Story,1910,3,1,167500
976,FV,NA,2651,Pave,NA,Reg,AllPub,2Story,2000,3,1,165000
977,RL,51,5900,Pave,NA,IR1,AllPub,1Story,1923,2,1,85500
978,FV,35,4274,Pave,Pave,IR1,AllPub,1Story,2006,1,1,199900
979,RL,68,9450,Pave,NA,Reg,AllPub,1Story,1954,3,1,110000
980,RL,80,8816,Pave,NA,Reg,AllPub,1Story,1963,3,1,139000
981,RL,NA,12122,Pave,NA,IR1,AllPub,SFoyer,1961,3,1,178400
982,RL,98,12203,Pave,NA,IR1,AllPub,2Story,1998,4,1,336000
983,RL,43,3182,Pave,NA,Reg,AllPub,1Story,2007,2,1,159895
984,RL,NA,11250,Pave,NA,Reg,AllPub,2Story,2002,4,1,255900
985,RL,75,10125,Pave,NA,Reg,AllPub,1.5Fin,1977,4,2,126000
986,RL,68,10880,Pave,NA,Reg,AllPub,1Story,1950,3,1,125000
987,RM,59,5310,Pave,NA,Reg,AllPub,1.5Fin,1910,2,1,117000
988,RL,83,10159,Pave,NA,IR1,AllPub,1Story,2009,3,1,395192
989,RL,NA,12046,Pave,NA,IR1,AllPub,2Story,1976,4,1,195000
990,FV,65,8125,Pave,NA,Reg,AllPub,2Story,2006,3,1,197000
991,RL,82,9452,Pave,NA,Reg,AllPub,2Story,1997,3,1,348000
992,RM,121,17671,Pave,Grvl,Reg,AllPub,2Story,1882,4,1,168000
993,RL,80,9760,Pave,NA,Reg,AllPub,2Story,1964,3,1,187000
994,RL,68,8846,Pave,NA,Reg,AllPub,2Story,2005,3,1,173900
995,RL,96,12456,Pave,NA,Reg,AllPub,1Story,2006,3,1,337500
996,RL,51,4712,Pave,NA,IR1,AllPub,1.5Fin,1946,3,1,121600
997,RL,NA,10659,Pave,NA,IR1,AllPub,1Story,1961,3,1,136500
998,RL,NA,11717,Pave,NA,IR1,AllPub,1Story,1970,2,1,185000
999,RM,60,9786,Pave,NA,Reg,AllPub,1Story,1922,3,1,91000
1000,RL,64,6762,Pave,NA,Reg,AllPub,1Story,2006,2,1,206000
1001,RL,74,10206,Pave,NA,Reg,AllPub,1Story,1952,2,1,82000
1002,RL,60,5400,Pave,NA,Reg,AllPub,1Story,1920,2,1,86000
1003,RL,75,11957,Pave,NA,IR1,AllPub,1Story,2006,3,1,232000
1004,RL,NA,11500,Pave,NA,IR1,AllPub,1Story,1976,4,2,136905
1005,RL,43,3182,Pave,NA,Reg,AllPub,1Story,2005,1,1,181000
1006,RL,65,8385,Pave,NA,Reg,AllPub,SLvl,1977,3,1,149900
1007,RL,NA,12155,Pave,NA,IR3,AllPub,1Story,1970,3,1,163500
1008,RM,21,2217,Pave,NA,Reg,AllPub,2Story,1970,3,1,88000
1009,RL,43,12118,Pave,NA,IR1,AllPub,1Story,2004,3,1,240000
1010,RL,60,6000,Pave,NA,Reg,AllPub,1.5Fin,1926,4,1,102000
1011,RL,115,21286,Pave,NA,Reg,AllPub,1.5Fin,1948,4,1,135000
1012,RL,75,9825,Pave,NA,Reg,AllPub,1Story,1965,4,2,100000
1013,RL,55,10592,Pave,NA,Reg,AllPub,2Story,1923,3,1,165000
1014,RM,60,7200,Pave,NA,Reg,AllPub,1Story,1910,2,1,85000
1015,RL,60,11664,Pave,NA,Reg,AllPub,1Story,1948,2,1,119200
1016,RL,70,8400,Pave,NA,Reg,AllPub,2Story,2001,3,1,227000
1017,RL,73,11883,Pave,NA,Reg,AllPub,1Story,1996,3,1,203000
1018,RL,NA,5814,Pave,NA,IR1,AllPub,1Story,1984,1,1,187500
1019,RL,NA,10784,Pave,NA,IR1,AllPub,SLvl,1991,3,1,160000
1020,RL,43,3013,Pave,NA,Reg,AllPub,1Story,2005,2,1,213490
1021,RL,60,7024,Pave,NA,Reg,AllPub,1Story,2005,2,1,176000
1022,RL,64,7406,Pave,NA,Reg,AllPub,1Story,2006,2,1,194000
1023,RM,52,9439,Pave,NA,Reg,AllPub,1.5Fin,1930,2,1,87000
1024,RL,43,3182,Pave,NA,Reg,AllPub,1Story,2005,2,1,191000
1025,RL,NA,15498,Pave,NA,IR1,AllPub,1Story,1976,2,1,287000
1026,RL,70,7700,Pave,NA,Reg,AllPub,1Story,1972,3,1,112500
1027,RL,73,9300,Pave,NA,Reg,AllPub,1Story,1960,3,1,167500
1028,RL,71,9520,Pave,NA,IR1,AllPub,1Story,2007,3,1,293077
1029,RL,79,9492,Pave,NA,Reg,AllPub,1.5Fin,1941,3,1,105000
1030,RM,21,1680,Pave,NA,Reg,AllPub,2Story,1972,3,1,118000
1031,RH,NA,7082,Pave,NA,Reg,AllPub,2Story,1916,5,2,160000
1032,RL,102,15863,Pave,NA,Reg,AllPub,2.5Fin,1920,5,1,197000
1033,RL,NA,14541,Pave,NA,IR1,AllPub,2Story,1993,5,1,310000
1034,RL,NA,8125,Pave,NA,Reg,AllPub,1Story,2002,3,1,230000
1035,RL,50,6305,Pave,NA,Reg,AllPub,1Story,1938,2,1,119750
1036,RL,NA,11500,Pave,NA,IR1,AllPub,1Story,1957,3,1,84000
1037,RL,89,12898,Pave,NA,IR1,AllPub,1Story,2007,2,1,315500
1038,RL,NA,9240,Pave,NA,Reg,AllPub,2Story,2001,3,1,287000
1039,RM,21,1533,Pave,NA,Reg,AllPub,2Story,1970,3,1,97000
1040,RM,21,1477,Pave,NA,Reg,AllPub,SFoyer,1970,1,1,80000
1041,RL,88,13125,Pave,NA,Reg,AllPub,1Story,1957,3,1,155000
1042,RL,NA,9130,Pave,NA,Reg,AllPub,2Story,1966,4,1,173000
1043,RL,34,5381,Pave,NA,IR1,AllPub,1Story,2005,1,1,196000
1044,RL,86,11839,Pave,NA,Reg,AllPub,2Story,1990,4,1,262280
1045,RL,80,9600,Pave,NA,Reg,AllPub,1Story,1981,4,1,278000
1046,RL,NA,13680,Pave,NA,IR1,AllPub,1Story,1955,4,1,139600
1047,RL,85,16056,Pave,NA,IR1,AllPub,2Story,2005,4,1,556581
1048,RL,57,9245,Pave,NA,IR2,AllPub,1Story,1994,3,1,145000
1049,RL,100,21750,Pave,NA,Reg,AllPub,1Story,1960,3,1,115000
1050,RL,60,11100,Pave,NA,Reg,AllPub,1Story,1946,2,1,84900
1051,RL,73,8993,Pave,NA,IR1,AllPub,1Story,2007,3,1,176485
1052,RL,103,11175,Pave,NA,IR1,AllPub,1Story,2007,3,1,200141
1053,RL,100,9500,Pave,NA,Reg,AllPub,2Story,1964,4,1,165000
1054,RL,68,8562,Pave,NA,Reg,AllPub,1Story,1957,4,1,144500
1055,RL,90,11367,Pave,NA,Reg,AllPub,2Story,2002,3,1,255000
1056,RL,104,11361,Pave,NA,Reg,AllPub,1Story,1976,3,1,180000
1057,RL,43,7052,Pave,NA,IR1,AllPub,1Story,2005,2,1,185850
1058,RL,NA,29959,Pave,NA,IR2,AllPub,2Story,1994,3,1,248000
1059,RL,96,11308,Pave,NA,IR1,AllPub,2Story,2008,3,1,335000
1060,RL,NA,11275,Pave,NA,IR1,AllPub,1.5Fin,1932,3,1,220000
1061,RL,41,4920,Pave,NA,Reg,AllPub,1Story,2001,2,1,213500
1062,C (all),120,18000,Grvl,NA,Reg,AllPub,1Story,1935,2,1,81000
1063,RM,85,13600,Pave,Grvl,Reg,AllPub,2Story,1900,5,2,90000
1064,RM,50,6000,Pave,NA,Reg,AllPub,1Story,1925,2,1,110500
1065,RL,NA,11000,Pave,NA,IR1,AllPub,1Story,1966,3,1,154000
1066,RL,80,14000,Pave,NA,Reg,AllPub,2Story,1996,3,1,328000
1067,RL,59,7837,Pave,NA,IR1,AllPub,2Story,1993,3,1,178000
1068,RL,80,9760,Pave,NA,Reg,AllPub,2Story,1964,4,1,167900
1069,RM,42,3964,Pave,NA,Reg,AllPub,2Story,1973,5,1,151400
1070,RL,60,9600,Pave,NA,Reg,AllPub,1.5Unf,1949,2,1,135000
1071,RL,72,10152,Pave,NA,Reg,AllPub,1Story,1956,3,1,135000
1072,RL,78,11700,Pave,NA,Reg,AllPub,2Story,1968,4,1,154000
1073,RL,50,7585,Pave,NA,Reg,AllPub,1.5Fin,1948,4,1,91500
1074,RL,75,7950,Pave,NA,IR1,AllPub,2Story,1977,3,1,159500
1075,RL,74,8556,Pave,NA,Reg,AllPub,1Story,2006,2,1,194000
1076,RL,75,13125,Pave,NA,Reg,AllPub,2Story,1940,3,1,219500
1077,RL,60,10800,Pave,Grvl,Reg,AllPub,1.5Fin,1936,3,1,170000
1078,RL,NA,15870,Pave,NA,IR1,AllPub,1Story,1969,3,1,138800
1079,RM,37,4435,Pave,NA,Reg,AllPub,1Story,2004,1,1,155900
1080,RL,65,8775,Pave,NA,Reg,AllPub,1Story,1994,3,1,126000
1081,RL,80,11040,Pave,NA,Reg,AllPub,1Story,1971,3,1,145000
1082,RL,75,7500,Pave,NA,Reg,AllPub,1Story,1963,3,1,133000
1083,RL,70,8749,Pave,NA,Reg,AllPub,1Story,2002,3,1,192000
1084,RL,80,8800,Pave,NA,Reg,AllPub,1Story,1964,3,1,160000
1085,RL,NA,13031,Pave,NA,IR2,AllPub,2Story,1995,3,1,187500
1086,RL,73,9069,Pave,NA,Reg,AllPub,SFoyer,1992,2,1,147000
1087,RM,NA,1974,Pave,NA,Reg,AllPub,2Story,1973,3,1,83500
1088,FV,85,10574,Pave,NA,Reg,AllPub,2Story,2005,3,1,252000
1089,RM,24,2522,Pave,NA,Reg,AllPub,2Story,2004,3,1,137500
1090,FV,37,3316,Pave,Pave,IR1,AllPub,1Story,2005,1,1,197000
1091,RL,60,8544,Pave,NA,Reg,AllPub,1Story,1950,2,2,92900
1092,FV,24,2160,Pave,Pave,Reg,AllPub,2Story,1999,2,1,160000
1093,RL,60,8400,Pave,NA,Reg,AllPub,1.5Fin,1925,4,1,136500
1094,RL,71,9230,Pave,NA,Reg,AllPub,1Story,1965,1,1,146000
1095,RL,74,5868,Pave,NA,Reg,AllPub,1Story,1956,2,1,129000
1096,RL,78,9317,Pave,NA,IR1,AllPub,1Story,2006,3,1,176432
1097,RM,60,6882,Pave,NA,Reg,AllPub,2Story,1914,3,1,127000
1098,RL,NA,3696,Pave,NA,Reg,AllPub,1Story,1986,2,1,170000
1099,RM,50,6000,Pave,NA,Reg,AllPub,1.5Fin,1936,3,1,128000
1100,RL,82,11880,Pave,NA,IR1,AllPub,1Story,1978,3,1,157000
1101,RL,60,8400,Pave,NA,Reg,AllPub,1Story,1920,1,1,60000
1102,RL,61,9758,Pave,NA,IR1,AllPub,1Story,1971,3,1,119500
1103,RL,70,7000,Pave,NA,Reg,AllPub,1Story,1960,2,1,135000
1104,RL,79,8910,Pave,NA,Reg,AllPub,1Story,1959,3,1,159500
1105,RM,24,2016,Pave,NA,Reg,AllPub,2Story,1970,3,1,106000
1106,RL,98,12256,Pave,NA,IR1,AllPub,2Story,1994,3,1,325000
1107,RL,114,10357,Pave,NA,IR1,AllPub,1Story,1990,3,1,179900
1108,RL,168,23257,Pave,NA,IR3,AllPub,2Story,2006,3,1,274725
1109,RL,NA,8063,Pave,NA,Reg,AllPub,2Story,2000,3,1,181000
1110,RL,107,11362,Pave,NA,IR1,AllPub,1Story,2004,3,1,280000
1111,RL,NA,8000,Pave,NA,Reg,AllPub,2Story,1995,3,1,188000
1112,RL,80,10480,Pave,NA,Reg,AllPub,2Story,1976,4,1,205000
1113,RL,73,7100,Pave,NA,IR1,AllPub,1Story,1957,2,1,129900
1114,RL,66,8923,Pave,NA,Reg,AllPub,1Story,1953,2,1,134500
1115,RL,90,5400,Pave,NA,Reg,AllPub,1Story,1954,2,1,117000
1116,RL,93,12085,Pave,NA,Reg,AllPub,1Story,2007,3,1,318000
1117,RL,NA,7750,Pave,NA,Reg,AllPub,SLvl,2002,3,1,184100
1118,RL,57,9764,Pave,NA,IR1,AllPub,1Story,1967,3,1,130000
1119,RL,85,13825,Pave,NA,Reg,AllPub,SLvl,1958,3,1,140000
1120,RL,70,7560,Pave,NA,Reg,AllPub,1Story,1959,3,1,133700
1121,RM,59,8263,Pave,NA,Reg,AllPub,1Story,1920,2,1,118400
1122,RL,84,10084,Pave,NA,Reg,AllPub,1Story,2005,3,1,212900
1123,RL,NA,8926,Pave,NA,IR1,AllPub,1Story,1956,3,1,112000
1124,RL,50,9405,Pave,NA,Reg,AllPub,1Story,1947,2,1,118000
1125,RL,NA,9125,Pave,NA,IR1,AllPub,SLvl,1992,3,1,163900
1126,RL,60,10434,Pave,NA,Reg,AllPub,1Story,1955,2,1,115000
1127,RL,53,3684,Pave,NA,Reg,AllPub,1Story,2007,2,1,174000
1128,RL,182,14572,Pave,NA,IR3,AllPub,1Story,2004,3,1,259000
1129,RL,59,11796,Pave,NA,IR1,AllPub,2Story,2004,4,1,215000
1130,RM,60,7200,Pave,Grvl,Reg,AllPub,SFoyer,1980,2,1,140000
1131,RL,65,7804,Pave,NA,Reg,AllPub,1.5Fin,1928,4,1,135000
1132,RL,63,10712,Pave,NA,Reg,AllPub,1Story,1991,3,1,93500
1133,RM,90,9900,Pave,NA,Reg,AllPub,2Story,1880,5,1,117500
1134,RL,80,9828,Pave,NA,IR1,AllPub,2Story,1995,3,1,239500
1135,RL,57,8773,Pave,NA,IR1,AllPub,2Story,1997,3,1,169000
1136,RM,60,6180,Pave,NA,Reg,AllPub,1Story,1926,2,1,102000
1137,RL,80,9600,Pave,NA,Reg,AllPub,1.5Fin,1950,3,1,119000
1138,RL,54,6342,Pave,NA,Reg,AllPub,1.5Fin,1875,2,1,94000
1139,RL,NA,9819,Pave,NA,IR1,AllPub,1Story,1977,2,1,196000
1140,RL,98,8731,Pave,NA,IR1,AllPub,1Story,1920,3,1,144000
1141,RL,60,7350,Pave,NA,Reg,AllPub,1Story,1951,2,1,139000
1142,RL,NA,10304,Pave,NA,IR1,AllPub,2Story,1976,4,1,197500
1143,RL,77,9965,Pave,NA,Reg,AllPub,2Story,2006,4,1,424870
1144,RL,NA,9000,Pave,NA,Reg,AllPub,1Story,1959,3,1,80000
1145,RL,60,12180,Pave,NA,Reg,AllPub,1.5Fin,1941,2,1,80000
1146,RM,52,6240,Pave,NA,Reg,AllPub,1.5Fin,1928,3,1,149000
1147,RL,NA,11200,Pave,NA,Reg,AllPub,1Story,1985,3,1,180000
1148,RL,75,12000,Pave,NA,Reg,AllPub,2Story,1941,3,1,174500
1149,RM,NA,5700,Pave,NA,Reg,AllPub,1.5Fin,1926,2,1,116900
1150,RM,50,9000,Pave,NA,Reg,AllPub,2Story,1920,3,1,143000
1151,RL,57,8280,Pave,NA,IR1,AllPub,1Story,1950,2,1,124000
1152,RL,134,17755,Pave,NA,Reg,AllPub,1Story,1959,3,1,149900
1153,RL,90,14115,Pave,NA,IR1,AllPub,1Story,1956,2,1,230000
1154,RM,NA,5890,Pave,NA,Reg,AllPub,1Story,1930,2,1,120500
1155,RL,NA,13700,Pave,NA,IR1,AllPub,2Story,1965,4,1,201800
1156,RL,90,10768,Pave,NA,IR1,AllPub,1Story,1976,3,1,218000
1157,RL,85,9350,Pave,NA,Reg,AllPub,SLvl,1965,3,1,179900
1158,RL,34,5001,Pave,NA,IR1,AllPub,1Story,2007,2,1,230000
1159,RL,92,11932,Pave,NA,Reg,AllPub,1Story,2007,3,1,235128
1160,RL,76,9120,Pave,NA,Reg,AllPub,2Story,1974,4,1,185000
1161,RL,24,2280,Pave,NA,Reg,AllPub,2Story,1978,3,1,146000
1162,RL,NA,14778,Pave,NA,IR1,AllPub,1Story,1954,3,1,224000
1163,RL,109,8724,Pave,NA,Reg,AllPub,1Story,1968,3,1,129000
1164,RL,60,12900,Pave,NA,Reg,AllPub,SFoyer,1969,0,2,108959
1165,RL,NA,16157,Pave,NA,IR1,AllPub,SLvl,1978,2,1,194000
1166,RL,79,9541,Pave,NA,IR1,AllPub,1Story,2009,3,1,233170
1167,RL,64,10475,Pave,NA,IR1,AllPub,1Story,2008,3,1,245350
1168,RL,58,10852,Pave,NA,IR1,AllPub,2Story,2000,3,1,173000
1169,RL,120,13728,Pave,NA,Reg,AllPub,2Story,1935,4,1,235000
1170,RL,118,35760,Pave,NA,IR1,AllPub,2Story,1995,4,1,625000
1171,RL,76,9880,Pave,NA,Reg,AllPub,SLvl,1977,3,1,171000
1172,RL,76,9120,Pave,NA,Reg,AllPub,1Story,1958,3,1,163000
1173,FV,35,4017,Pave,Pave,IR1,AllPub,2Story,2006,2,1,171900
1174,RL,138,18030,Pave,NA,IR1,AllPub,1.5Fin,1946,3,1,200500
1175,RL,80,16560,Pave,NA,IR1,AllPub,2Story,1932,4,1,239000
1176,RL,85,10678,Pave,NA,Reg,AllPub,1.5Fin,1992,4,1,285000
1177,RL,37,6951,Pave,NA,IR1,AllPub,1Story,1984,3,1,119500
1178,RM,NA,3950,Pave,Grvl,Reg,AllPub,1.5Fin,1926,3,1,115000
1179,RL,54,7681,Pave,NA,IR1,AllPub,1.5Fin,1921,3,1,154900
1180,RL,77,8335,Pave,NA,Reg,AllPub,1Story,1954,3,1,93000
1181,RL,NA,11170,Pave,NA,IR2,AllPub,2Story,1990,4,1,250000
1182,RM,64,5587,Pave,NA,IR1,AllPub,1Story,2008,2,1,392500
1183,RL,160,15623,Pave,NA,IR1,AllPub,2Story,1996,4,1,745000
1184,RL,60,10800,Pave,Grvl,Reg,AllPub,1Story,1920,2,1,120000
1185,RL,50,35133,Grvl,NA,Reg,AllPub,1Story,1963,3,1,186700
1186,RL,60,9738,Pave,NA,Reg,AllPub,1.5Fin,1924,4,1,104900
1187,RL,107,10615,Pave,NA,IR1,AllPub,2Story,1900,3,2,95000
1188,RL,89,12461,Pave,NA,Reg,AllPub,1Story,1994,2,1,262000
1189,RL,68,8935,Pave,NA,IR1,AllPub,2Story,2002,3,1,195000
1190,RL,60,7500,Pave,NA,Reg,AllPub,2Story,1999,3,1,189000
1191,RL,NA,32463,Pave,NA,Reg,AllPub,1Story,1961,3,1,168000
1192,FV,24,2645,Pave,Pave,Reg,AllPub,2Story,1999,2,1,174000
1193,RM,60,9600,Pave,Grvl,Reg,AllPub,1.5Fin,1925,3,1,125000
1194,RM,NA,4500,Pave,NA,Reg,AllPub,1Story,1999,2,1,165000
1195,RL,80,9364,Pave,NA,Reg,AllPub,2Story,1969,4,1,158000
1196,RL,51,8029,Pave,NA,IR1,AllPub,2Story,2005,3,1,176000
1197,RL,58,14054,Pave,NA,IR1,AllPub,2Story,2006,4,1,219210
1198,RM,65,8850,Pave,NA,IR1,AllPub,2.5Unf,1916,3,1,144000
1199,RL,70,9100,Pave,NA,Reg,AllPub,1Story,2001,3,1,178000
1200,RL,75,11235,Pave,NA,Reg,AllPub,1Story,1963,3,1,148000
1201,RL,71,9353,Pave,NA,Reg,AllPub,1Story,1970,3,1,116050
1202,RL,80,10400,Pave,NA,Reg,AllPub,2Story,1998,3,1,197900
1203,RM,50,6000,Pave,NA,Reg,AllPub,1.5Fin,1925,3,1,117000
1204,RL,75,9750,Pave,NA,Reg,AllPub,1Story,2000,3,1,213000
1205,RL,78,10140,Pave,NA,Reg,AllPub,1Story,1975,3,1,153500
1206,RL,90,14684,Pave,NA,IR1,AllPub,1Story,1990,3,1,271900
1207,RH,NA,8900,Pave,NA,Reg,AllPub,1Story,1966,2,1,107000
1208,RL,70,9135,Pave,NA,Reg,AllPub,1Story,2003,3,1,200000
1209,RL,70,7763,Pave,NA,Reg,AllPub,1Story,1962,3,1,140000
1210,RL,85,10182,Pave,NA,IR1,AllPub,1Story,2006,3,1,290000
1211,RL,70,11218,Pave,NA,Reg,AllPub,2Story,1992,3,1,189000
1212,RL,152,12134,Pave,NA,IR1,AllPub,1.5Fin,1988,4,1,164000
1213,RL,50,9340,Pave,NA,Reg,AllPub,1Story,1941,2,1,113000
1214,RL,NA,10246,Pave,NA,IR1,AllPub,SLvl,1965,0,1,145000
1215,RL,69,10205,Pave,NA,IR1,AllPub,SFoyer,1962,3,1,134500
1216,RL,99,7094,Pave,NA,IR1,AllPub,1Story,1966,3,1,125000
1217,RM,68,8930,Pave,NA,Reg,AllPub,1.5Fin,1978,4,2,112000
1218,FV,72,8640,Pave,NA,Reg,AllPub,1Story,2009,3,1,229456
1219,RM,52,6240,Pave,NA,Reg,AllPub,1.5Fin,1947,2,1,80500
1220,RM,21,1680,Pave,NA,Reg,AllPub,2Story,1971,3,1,91500
1221,RL,66,7800,Pave,NA,IR1,AllPub,1Story,1964,2,1,115000
1222,RL,55,8250,Pave,NA,Reg,AllPub,1Story,1968,3,1,134000
1223,RL,78,10496,Pave,NA,Reg,AllPub,1.5Fin,1949,3,1,143000
1224,RL,89,10680,Pave,NA,Reg,AllPub,1Story,1951,4,1,137900
1225,RL,60,15384,Pave,NA,IR1,AllPub,2Story,2004,3,1,184000
1226,RL,65,10482,Pave,NA,Reg,AllPub,SLvl,1958,3,1,145000
1227,RL,86,14598,Pave,NA,IR1,AllPub,2Story,2007,4,1,214000
1228,RL,72,8872,Pave,NA,Reg,AllPub,1Story,1965,2,1,147000
1229,RL,65,8769,Pave,NA,Reg,AllPub,1Story,2008,1,1,367294
1230,RL,70,7910,Pave,NA,Reg,AllPub,SLvl,1960,4,1,127000
1231,RL,NA,18890,Pave,NA,IR1,AllPub,1.5Fin,1977,4,2,190000
1232,RL,70,7728,Pave,NA,Reg,AllPub,SLvl,1962,3,1,132500
1233,RL,70,9842,Pave,NA,Reg,AllPub,1Story,1962,2,2,101800
1234,RL,NA,12160,Pave,NA,IR1,AllPub,1Story,1959,3,1,142000
1235,RH,55,8525,Pave,NA,Reg,AllPub,2Story,1911,4,1,130000
1236,RL,96,13132,Pave,NA,Reg,AllPub,2Story,1914,4,1,138887
1237,RL,36,2628,Pave,NA,Reg,AllPub,2Story,2003,2,1,175500
1238,RL,41,12393,Pave,NA,IR2,AllPub,2Story,2004,4,1,195000
1239,RL,63,13072,Pave,NA,Reg,AllPub,1Story,2005,3,1,142500
1240,RL,64,9037,Pave,NA,IR1,AllPub,1Story,2006,2,1,265900
1241,RL,65,8158,Pave,NA,Reg,AllPub,2Story,2003,3,1,224900
1242,RL,83,9849,Pave,NA,Reg,AllPub,1Story,2007,3,1,248328
1243,RL,85,10625,Pave,NA,Reg,AllPub,SFoyer,1974,3,1,170000
1244,RL,107,13891,Pave,NA,Reg,AllPub,1Story,2006,2,1,465000
1245,RL,NA,11435,Pave,NA,IR1,AllPub,2Story,1929,3,1,230000
1246,RL,78,12090,Pave,NA,Reg,AllPub,SLvl,1984,3,1,178000
1247,FV,65,8125,Pave,NA,Reg,AllPub,2Story,2005,3,1,186500
1248,RL,NA,12328,Pave,NA,IR1,AllPub,SLvl,1976,3,1,169900
1249,RM,60,9600,Pave,Grvl,Reg,AllPub,2.5Unf,1917,3,1,129500
1250,RL,60,7200,Pave,NA,Reg,AllPub,1Story,1950,3,1,119000
1251,RL,93,11160,Pave,NA,Reg,AllPub,1Story,1968,3,1,244000
1252,RL,NA,3136,Pave,NA,IR1,AllPub,1Story,2003,2,1,171750
1253,RL,62,9858,Pave,NA,Reg,AllPub,1Story,1968,3,1,130000
1254,RL,NA,17542,Pave,NA,IR1,AllPub,2Story,1974,3,1,294000
1255,RL,60,6931,Pave,NA,Reg,AllPub,2Story,2003,3,1,165400
1256,RM,52,6240,Pave,NA,Reg,AllPub,1.5Fin,1931,3,1,127500
1257,RL,91,14303,Pave,NA,IR1,AllPub,1Story,1994,2,1,301500
1258,RL,56,4060,Pave,NA,Reg,AllPub,1Story,1922,2,1,99900
1259,RL,59,9587,Pave,NA,IR1,AllPub,SLvl,2005,2,1,190000
1260,RL,65,9750,Pave,NA,Reg,AllPub,1Story,1969,3,1,151000
1261,RL,NA,24682,Pave,NA,IR3,AllPub,2Story,1999,3,1,181000
1262,RL,80,9600,Pave,NA,Reg,AllPub,1Story,1956,2,1,128900
1263,RL,NA,11250,Pave,NA,Reg,AllPub,1.5Fin,1957,5,1,161500
1264,RL,60,13515,Pave,Pave,Reg,AllPub,2Story,1919,3,1,180500
1265,RH,34,4060,Pave,NA,Reg,AllPub,1Story,1998,2,1,181000
1266,FV,35,3735,Pave,NA,Reg,AllPub,2Story,1999,3,1,183900
1267,RM,60,10120,Pave,NA,IR1,AllPub,2.5Unf,1910,4,2,122000
1268,RL,89,13214,Pave,NA,IR1,AllPub,1Story,2008,3,1,378500
1269,RL,NA,14100,Pave,NA,IR1,AllPub,1.5Fin,1935,4,1,381000
1270,RL,78,11344,Pave,NA,Reg,AllPub,1.5Fin,1958,3,1,144000
1271,RL,NA,23595,Pave,NA,Reg,AllPub,1Story,1979,0,1,260000
1272,RL,NA,9156,Pave,NA,IR1,AllPub,1Story,1968,3,1,185750
1273,RL,NA,13526,Pave,NA,IR1,AllPub,1Story,1965,3,1,137000
1274,RL,124,11512,Pave,NA,IR1,AllPub,SLvl,1959,2,1,177000
1275,RL,53,5362,Pave,NA,Reg,AllPub,1.5Fin,1910,3,1,139000
1276,RL,95,11345,Pave,NA,Reg,AllPub,2Story,1948,4,2,137000
1277,RL,NA,12936,Pave,NA,IR1,AllPub,2Story,1972,3,1,162000
1278,RL,NA,17871,Pave,NA,IR1,AllPub,SLvl,1967,3,1,197900
1279,RL,75,9473,Pave,NA,Reg,AllPub,2Story,2002,3,1,237000
1280,C (all),60,7500,Pave,NA,Reg,AllPub,1.5Fin,1920,2,1,68400
1281,RL,67,9808,Pave,NA,IR1,AllPub,1Story,2002,3,1,227000
1282,RL,50,8049,Pave,NA,IR1,AllPub,1Story,1990,2,1,180000
1283,RL,61,8800,Pave,NA,IR1,AllPub,1Story,1977,3,1,150500
1284,RL,94,9400,Pave,NA,Reg,AllPub,2Story,1971,4,2,139000
1285,RL,50,9638,Pave,NA,Reg,AllPub,1.5Fin,1919,4,1,169000
1286,RM,50,6000,Pave,NA,Reg,AllPub,1.5Fin,1939,4,1,132500
1287,RL,NA,9790,Pave,NA,Reg,AllPub,1Story,1963,3,1,143000
1288,RL,NA,36500,Pave,NA,IR1,AllPub,1Story,1964,4,1,190000
1289,RL,40,5664,Pave,NA,IR1,AllPub,1Story,2000,2,1,278000
1290,RL,86,11065,Pave,NA,IR1,AllPub,2Story,2006,3,1,281000
1291,RL,NA,14112,Pave,NA,IR1,AllPub,SLvl,1964,3,1,180500
1292,RM,21,1680,Pave,NA,Reg,AllPub,2Story,1972,3,1,119500
1293,RM,60,6600,Pave,NA,Reg,AllPub,2Story,1892,4,2,107500
1294,RL,78,10140,Pave,NA,Reg,AllPub,2Story,1976,4,1,162900
1295,RL,60,8172,Pave,NA,Reg,AllPub,1Story,1955,2,1,115000
1296,RL,70,8400,Pave,NA,Reg,AllPub,1Story,1968,3,1,138500
1297,RL,80,8700,Pave,NA,Reg,AllPub,1Story,1963,3,1,155000
1298,RM,35,3675,Pave,NA,Reg,AllPub,SFoyer,2005,2,1,140000
1299,RL,313,63887,Pave,NA,IR3,AllPub,2Story,2008,3,1,160000
1300,RL,75,7500,Pave,NA,Reg,AllPub,1Story,1959,3,1,154000
1301,RL,NA,10762,Pave,NA,IR1,AllPub,2Story,1999,3,1,225000
1302,RL,NA,7500,Pave,NA,IR1,AllPub,2Story,1942,3,1,177500
1303,RL,92,10120,Pave,NA,Reg,AllPub,2Story,1994,4,1,290000
1304,RL,73,8688,Pave,NA,Reg,AllPub,1Story,2005,3,1,232000
1305,RM,32,3363,Pave,NA,Reg,AllPub,2Story,2004,3,1,130000
1306,RL,108,13173,Pave,NA,IR1,AllPub,1Story,2006,2,1,325000
1307,RL,48,6955,Pave,NA,IR1,AllPub,1Story,2005,2,1,202500
1308,RL,60,8072,Pave,NA,Reg,AllPub,1Story,1994,3,1,138000
1309,RM,100,12000,Pave,NA,Reg,AllPub,1Story,1948,2,1,147000
1310,RL,NA,7153,Pave,NA,Reg,AllPub,1Story,1991,3,1,179200
1311,RL,100,17500,Pave,NA,Reg,AllPub,1Story,1959,3,1,335000
1312,RL,68,8814,Pave,NA,Reg,AllPub,1Story,2005,3,1,203000
1313,RL,NA,9572,Pave,NA,IR1,AllPub,2Story,1990,4,1,302000
1314,RL,108,14774,Pave,NA,IR1,AllPub,2Story,1999,4,1,333168
1315,RL,60,8190,Pave,NA,Reg,AllPub,1Story,1954,3,1,119000
1316,RL,85,11075,Pave,NA,Reg,AllPub,2Story,1969,4,1,206900
1317,RL,61,10226,Pave,NA,IR1,AllPub,1Story,2008,3,1,295493
1318,FV,47,4230,Pave,Pave,Reg,AllPub,1Story,2006,2,1,208900
1319,RL,NA,14781,Pave,NA,IR2,AllPub,1Story,2001,3,1,275000
1320,RL,75,10215,Pave,NA,Reg,AllPub,1Story,1954,3,1,111000
1321,RL,70,8400,Pave,NA,Reg,AllPub,1Story,1957,3,1,156500
1322,RL,NA,6627,Pave,NA,IR1,AllPub,1Story,1949,2,1,72500
1323,RL,107,10186,Pave,NA,IR1,AllPub,2Story,1992,3,1,190000
1324,RL,50,5330,Pave,NA,Reg,AllPub,1Story,1940,2,1,82500
1325,RL,75,9986,Pave,NA,Reg,AllPub,1Story,2006,2,1,147000
1326,RM,40,3636,Pave,NA,Reg,AllPub,1Story,1922,2,1,55000
1327,RH,70,4270,Pave,NA,Reg,AllPub,1Story,1931,3,1,79000
1328,RL,60,6600,Pave,NA,Reg,AllPub,1Story,1982,3,1,130500
1329,RM,60,10440,Pave,Grvl,Reg,AllPub,1.5Fin,1920,5,1,256000
1330,RL,63,9084,Pave,NA,IR1,AllPub,2Story,1998,3,1,176500
1331,RL,85,10000,Pave,NA,Reg,AllPub,1Story,2006,3,1,227000
1332,RL,55,10780,Pave,NA,IR1,AllPub,SLvl,1976,3,1,132500
1333,RL,67,8877,Pave,NA,Reg,AllPub,1Story,1938,2,1,100000
1334,RM,60,7200,Pave,NA,Reg,AllPub,1.5Fin,1938,2,1,125500
1335,RM,24,2368,Pave,NA,Reg,AllPub,2Story,1970,3,1,125000
1336,RL,80,9650,Pave,NA,Reg,AllPub,1Story,1977,2,1,167900
1337,RL,87,9246,Pave,NA,IR1,AllPub,1Story,1973,4,2,135000
1338,RM,153,4118,Pave,Grvl,IR1,AllPub,1Story,1941,2,1,52500
1339,RL,95,13450,Pave,NA,IR1,AllPub,2Story,2002,3,1,200000
1340,RL,120,9560,Pave,NA,IR1,AllPub,1Story,1972,3,1,128500
1341,RL,70,8294,Pave,NA,Reg,AllPub,1Story,1971,3,1,123000
1342,RL,66,13695,Pave,NA,Reg,AllPub,1Story,2003,3,1,155000
1343,RL,NA,9375,Pave,NA,Reg,AllPub,2Story,2002,3,1,228500
1344,RL,57,7558,Pave,NA,Reg,AllPub,1.5Fin,1928,3,1,177000
1345,RL,85,11103,Pave,NA,IR1,AllPub,2Story,2006,3,1,155835
1346,RM,50,6000,Pave,NA,Reg,AllPub,1Story,1920,2,1,108500
1347,RL,NA,20781,Pave,NA,IR2,AllPub,1Story,1968,3,1,262500
1348,RL,93,15306,Pave,NA,IR1,AllPub,1Story,2006,3,1,283463
1349,RL,NA,16196,Pave,NA,IR3,AllPub,1Story,1998,3,1,215000
1350,RM,50,5250,Pave,Pave,Reg,AllPub,2Story,1872,4,1,122000
1351,RL,91,11643,Pave,NA,Reg,AllPub,2Story,1969,6,2,200000
1352,RL,70,9247,Pave,NA,IR1,AllPub,2Story,1962,4,1,171000
1353,RM,50,6000,Pave,NA,Reg,AllPub,1.5Fin,1937,2,1,134900
1354,RL,56,14720,Pave,NA,IR1,AllPub,1.5Fin,1995,4,1,410000
1355,RL,NA,10316,Pave,NA,IR1,AllPub,2Story,2000,3,1,235000
1356,RL,102,10192,Pave,NA,IR1,AllPub,SLvl,1968,4,1,170000
1357,RL,NA,9477,Pave,NA,Reg,AllPub,1Story,1966,3,1,110000
1358,RL,NA,12537,Pave,NA,IR1,AllPub,1Story,1971,3,1,149900
1359,FV,NA,2117,Pave,NA,Reg,AllPub,2Story,2000,3,1,177500
1360,RL,129,16737,Pave,NA,Reg,AllPub,1Story,2004,3,1,315000
1361,RL,51,9842,Pave,NA,Reg,AllPub,2Story,1921,4,1,189000
1362,RL,124,16158,Pave,NA,IR1,AllPub,1Story,2005,3,1,260000
1363,RL,NA,12513,Pave,NA,IR1,AllPub,1.5Fin,1920,4,1,104900
1364,RL,73,8499,Pave,NA,IR1,AllPub,2Story,2006,3,1,156932
1365,FV,30,3180,Pave,Pave,Reg,AllPub,2Story,2005,2,1,144152
1366,FV,NA,7500,Pave,NA,Reg,AllPub,2Story,2000,3,1,216000
1367,RL,68,9179,Pave,NA,IR1,AllPub,2Story,1999,3,1,193000
1368,RM,41,2665,Pave,NA,Reg,AllPub,2Story,1977,4,1,127000
1369,RM,NA,4435,Pave,NA,Reg,AllPub,1Story,2003,1,1,144000
1370,RL,48,10635,Pave,NA,IR2,AllPub,1Story,2003,3,1,232000
1371,RL,90,5400,Pave,NA,Reg,AllPub,1.5Fin,1920,2,1,105000
1372,RL,80,9600,Pave,NA,Reg,AllPub,SLvl,1955,3,1,165500
1373,RL,75,9750,Pave,NA,Reg,AllPub,2Story,1998,3,1,274300
1374,RL,NA,11400,Pave,NA,Reg,AllPub,1Story,2001,2,1,466500
1375,FV,85,10625,Pave,NA,Reg,AllPub,2Story,2005,3,1,250000
1376,RL,89,10991,Pave,NA,IR1,AllPub,1Story,2007,3,1,239000
1377,RL,52,6292,Pave,NA,Reg,AllPub,1Story,1930,2,1,91000
1378,RL,60,10998,Pave,Grvl,Reg,AllPub,1.5Fin,1941,3,1,117000
1379,RM,21,1953,Pave,NA,Reg,AllPub,2Story,1973,2,1,83000
1380,RL,73,9735,Pave,NA,Reg,AllPub,SLvl,2006,3,1,167500
1381,RL,45,8212,Pave,Grvl,Reg,AllPub,1Story,1914,2,1,58500
1382,RL,NA,12925,Pave,NA,IR1,AllPub,1Story,1970,4,1,237500
1383,RM,60,7200,Pave,NA,Reg,AllPub,2Story,1920,4,1,157000
1384,RL,NA,25339,Pave,NA,Reg,AllPub,1Story,1918,3,1,112000
1385,RL,60,9060,Pave,NA,Reg,AllPub,1.5Fin,1939,2,1,105000
1386,RM,40,5436,Pave,NA,Reg,AllPub,1.5Fin,1922,3,1,125500
1387,RL,80,16692,Pave,NA,IR1,AllPub,2Story,1978,5,1,250000
1388,RM,60,8520,Pave,Grvl,Reg,AllPub,1.5Fin,1916,5,1,136000
1389,RL,42,14892,Pave,NA,IR1,AllPub,1Story,2006,3,1,377500
1390,RM,60,6000,Pave,NA,Reg,AllPub,1.5Fin,1941,3,1,131000
1391,RL,70,9100,Pave,NA,Reg,AllPub,1Story,2000,3,1,235000
1392,RL,65,8944,Pave,NA,Reg,AllPub,1Story,1967,4,2,124000
1393,RL,68,7838,Pave,NA,Reg,AllPub,SFoyer,1967,3,1,123000
1394,RM,60,10800,Pave,Pave,Reg,AllPub,1.5Fin,1905,3,2,163000
1395,RL,53,4045,Pave,NA,Reg,AllPub,1Story,2006,2,1,246578
1396,RL,88,12665,Pave,NA,IR1,AllPub,2Story,2005,4,1,281213
1397,RL,NA,57200,Pave,NA,IR1,AllPub,1Story,1948,3,1,160000
1398,RM,51,6120,Pave,NA,Reg,AllPub,2Story,1920,4,1,137500
1399,RL,60,7200,Pave,NA,Reg,AllPub,1.5Fin,1950,3,1,138000
1400,RL,51,6171,Pave,NA,Reg,AllPub,1.5Fin,1925,3,1,137450
1401,RM,50,6000,Pave,NA,Reg,AllPub,1.5Fin,1929,3,1,120000
1402,RL,62,7415,Pave,NA,IR1,AllPub,2Story,2004,3,1,193000
1403,RL,64,6762,Pave,NA,Reg,AllPub,1Story,2006,2,1,193879
1404,RL,49,15256,Pave,NA,IR1,AllPub,1Story,2007,3,1,282922
1405,RL,60,10410,Pave,Grvl,Reg,AllPub,1.5Fin,1915,3,1,105000
1406,RM,44,3842,Pave,NA,IR1,AllPub,1Story,2004,2,1,275000
1407,RL,70,8445,Pave,NA,Reg,AllPub,SFoyer,1972,2,1,133000
1408,RL,NA,8780,Pave,NA,IR1,AllPub,1Story,1985,3,1,112000
1409,RM,60,7740,Pave,NA,Reg,AllPub,2Story,1910,3,1,125500
1410,RL,46,20544,Pave,NA,IR1,AllPub,2Story,1986,3,1,215000
1411,RL,79,12420,Pave,NA,Reg,AllPub,2Story,2001,3,1,230000
1412,RL,80,9600,Pave,NA,Reg,AllPub,1.5Fin,1950,3,1,140000
1413,RL,60,7200,Pave,NA,Reg,AllPub,1Story,1949,2,2,90000
1414,RL,88,10994,Pave,NA,IR1,AllPub,1Story,2005,2,1,257000
1415,RL,64,13053,Pave,Pave,Reg,AllPub,1.5Fin,1923,4,1,207000
1416,RL,51,3635,Pave,NA,Reg,AllPub,1Story,2007,1,1,175900
1417,RM,60,11340,Pave,NA,Reg,AllPub,2Story,1885,4,2,122500
1418,RL,NA,16545,Pave,NA,IR1,AllPub,2Story,1998,3,1,340000
1419,RL,71,9204,Pave,NA,Reg,AllPub,1Story,1963,3,1,124000
1420,RL,NA,16381,Pave,NA,IR1,AllPub,1Story,1969,3,1,223000
1421,RL,90,11700,Pave,NA,Reg,AllPub,2Story,1968,3,1,179900
1422,RL,53,4043,Pave,NA,Reg,AllPub,1Story,1977,2,1,127500
1423,RM,37,4435,Pave,NA,Reg,AllPub,1Story,2003,1,1,136500
1424,RL,NA,19690,Pave,NA,IR1,AllPub,SLvl,1966,4,1,274970
1425,RL,NA,9503,Pave,NA,Reg,AllPub,1Story,1958,2,1,144000
1426,RL,80,10721,Pave,NA,IR1,AllPub,1Story,1959,3,1,142000
1427,RL,81,10944,Pave,NA,IR1,AllPub,2Story,1994,3,1,271000
1428,RL,60,10930,Pave,Grvl,Reg,AllPub,1.5Fin,1945,3,1,140000
1429,RM,60,7200,Pave,NA,Reg,AllPub,1Story,1940,2,1,119000
1430,RL,NA,12546,Pave,NA,IR1,AllPub,1Story,1981,3,1,182900
1431,RL,60,21930,Pave,NA,IR3,AllPub,2Story,2005,4,1,192140
1432,RL,NA,4928,Pave,NA,IR1,AllPub,1Story,1976,2,1,143750
1433,RL,60,10800,Pave,Grvl,Reg,AllPub,1Story,1927,4,1,64500
1434,RL,93,10261,Pave,NA,IR1,AllPub,2Story,2000,3,1,186500
1435,RL,80,17400,Pave,NA,Reg,AllPub,1Story,1977,3,1,160000
1436,RL,80,8400,Pave,NA,Reg,AllPub,1Story,1962,3,1,174000
1437,RL,60,9000,Pave,NA,Reg,AllPub,1Story,1971,3,1,120500
1438,RL,96,12444,Pave,NA,Reg,AllPub,1Story,2008,2,1,394617
1439,RM,90,7407,Pave,NA,Reg,AllPub,1Story,1957,2,1,149700
1440,RL,80,11584,Pave,NA,Reg,AllPub,SLvl,1979,3,1,197000
1441,RL,79,11526,Pave,NA,IR1,AllPub,2.5Fin,1922,3,1,191000
1442,RM,NA,4426,Pave,NA,Reg,AllPub,1Story,2004,1,1,149300
1443,FV,85,11003,Pave,NA,Reg,AllPub,2Story,2008,3,1,310000
1444,RL,NA,8854,Pave,NA,Reg,AllPub,1.5Unf,1916,2,1,121000
1445,RL,63,8500,Pave,NA,Reg,AllPub,1Story,2004,3,1,179600
1446,RL,70,8400,Pave,NA,Reg,AllPub,SFoyer,1966,3,1,129000
1447,RL,NA,26142,Pave,NA,IR1,AllPub,1Story,1962,3,1,157900
1448,RL,80,10000,Pave,NA,Reg,AllPub,2Story,1995,3,1,240000
1449,RL,70,11767,Pave,NA,Reg,AllPub,2Story,1910,2,1,112000
1450,RM,21,1533,Pave,NA,Reg,AllPub,SFoyer,1970,1,1,92000
1451,RL,60,9000,Pave,NA,Reg,AllPub,2Story,1974,4,2,136000
1452,RL,78,9262,Pave,NA,Reg,AllPub,1Story,2008,3,1,287090
1453,RM,35,3675,Pave,NA,Reg,AllPub,SLvl,2005,2,1,145000
1454,RL,90,17217,Pave,NA,Reg,AllPub,1Story,2006,3,1,84500
1455,FV,62,7500,Pave,Pave,Reg,AllPub,1Story,2004,2,1,185000
1456,RL,62,7917,Pave,NA,Reg,AllPub,2Story,1999,3,1,175000
1457,RL,85,13175,Pave,NA,Reg,AllPub,1Story,1978,3,1,210000
1458,RL,66,9042,Pave,NA,Reg,AllPub,2Story,1941,4,1,266500
1459,RL,68,9717,Pave,NA,Reg,AllPub,1Story,1950,2,1,142125
1460,RL,75,9937,Pave,NA,Reg,AllPub,1Story,1965,3,1,147500
